-- MySQL dump 10.13  Distrib 9.2.0, for Win64 (x86_64)
--
-- Host: localhost    Database: db_sms
-- ------------------------------------------------------
-- Server version	9.2.0

/*!40101 SET @OLD_CHARACTER_SET_CLIENT=@@CHARACTER_SET_CLIENT */;
/*!40101 SET @OLD_CHARACTER_SET_RESULTS=@@CHARACTER_SET_RESULTS */;
/*!40101 SET @OLD_COLLATION_CONNECTION=@@COLLATION_CONNECTION */;
/*!50503 SET NAMES utf8mb4 */;
/*!40103 SET @OLD_TIME_ZONE=@@TIME_ZONE */;
/*!40103 SET TIME_ZONE='+00:00' */;
/*!40014 SET @OLD_UNIQUE_CHECKS=@@UNIQUE_CHECKS, UNIQUE_CHECKS=0 */;
/*!40014 SET @OLD_FOREIGN_KEY_CHECKS=@@FOREIGN_KEY_CHECKS, FOREIGN_KEY_CHECKS=0 */;
/*!40101 SET @OLD_SQL_MODE=@@SQL_MODE, SQL_MODE='NO_AUTO_VALUE_ON_ZERO' */;
/*!40111 SET @OLD_SQL_NOTES=@@SQL_NOTES, SQL_NOTES=0 */;

--
-- Current Database: `db_sms`
--

CREATE DATABASE /*!32312 IF NOT EXISTS*/ `db_sms` /*!40100 DEFAULT CHARACTER SET utf8mb4 COLLATE utf8mb4_unicode_ci */ /*!80016 DEFAULT ENCRYPTION='N' */;

USE `db_sms`;

--
-- Table structure for table `class`
--

DROP TABLE IF EXISTS `class`;
/*!40101 SET @saved_cs_client     = @@character_set_client */;
/*!50503 SET character_set_client = utf8mb4 */;
CREATE TABLE `class` (
  `id` int NOT NULL AUTO_INCREMENT COMMENT '班级ID',
  `name` varchar(50) COLLATE utf8mb4_unicode_ci NOT NULL COMMENT '班级名',
  `grade` varchar(10) COLLATE utf8mb4_unicode_ci NOT NULL COMMENT '年级',
  `major` varchar(100) COLLATE utf8mb4_unicode_ci NOT NULL COMMENT '专业',
  `status` tinyint(1) NOT NULL DEFAULT '1' COMMENT '状态：1=在读，0=毕业',
  `create_time` datetime NOT NULL DEFAULT CURRENT_TIMESTAMP COMMENT '创建时间',
  `update_time` datetime NOT NULL DEFAULT CURRENT_TIMESTAMP ON UPDATE CURRENT_TIMESTAMP COMMENT '更新时间',
  `is_deleted` tinyint(1) NOT NULL DEFAULT '0' COMMENT '逻辑删除',
  PRIMARY KEY (`id`),
  KEY `idx_class_name` (`name`),
  KEY `idx_class_grade` (`grade`),
  KEY `idx_class_major` (`major`)
) ENGINE=InnoDB AUTO_INCREMENT=13 DEFAULT CHARSET=utf8mb4 COLLATE=utf8mb4_unicode_ci COMMENT='班级表';
/*!40101 SET character_set_client = @saved_cs_client */;

--
-- Dumping data for table `class`
--

LOCK TABLES `class` WRITE;
/*!40000 ALTER TABLE `class` DISABLE KEYS */;
INSERT INTO `class` VALUES (1,'2022计算机科学与技术1班','2022','计算机科学与技术',0,'2026-07-08 10:29:50','2026-07-08 17:32:45',0),(2,'2022软件工程2班','2022','软件工程',1,'2026-07-08 10:29:50','2026-07-08 10:29:50',0),(3,'2022数据科学3班','2022','数据科学',1,'2026-07-08 10:29:50','2026-07-08 10:29:50',0),(4,'2022人工智能4班','2022','人工智能',1,'2026-07-08 10:29:50','2026-07-08 10:29:50',0),(5,'2023计算机科学与技术1班','2023','计算机科学与技术',1,'2026-07-08 10:29:50','2026-07-08 10:29:50',0),(6,'2023软件工程2班','2023','软件工程',1,'2026-07-08 10:29:50','2026-07-08 10:29:50',0),(7,'2023数据科学3班','2023','数据科学',1,'2026-07-08 10:29:50','2026-07-08 10:29:50',0),(8,'2023人工智能4班','2023','人工智能',1,'2026-07-08 10:29:50','2026-07-08 10:29:50',0),(9,'2024计算机科学与技术1班','2024','计算机科学与技术',1,'2026-07-08 10:29:50','2026-07-08 10:29:50',0),(10,'2024软件工程2班','2024','软件工程',1,'2026-07-08 10:29:50','2026-07-08 10:29:50',0),(11,'2024数据科学3班','2024','数据科学',1,'2026-07-08 10:29:50','2026-07-08 10:29:50',0),(12,'2024人工智能4班','2024','人工智能',1,'2026-07-08 10:29:50','2026-07-08 10:29:50',0);
/*!40000 ALTER TABLE `class` ENABLE KEYS */;
UNLOCK TABLES;

--
-- Table structure for table `course`
--

DROP TABLE IF EXISTS `course`;
/*!40101 SET @saved_cs_client     = @@character_set_client */;
/*!50503 SET character_set_client = utf8mb4 */;
CREATE TABLE `course` (
  `id` int NOT NULL AUTO_INCREMENT COMMENT '课程ID',
  `name` varchar(100) COLLATE utf8mb4_unicode_ci NOT NULL COMMENT '课程名',
  `credit` decimal(3,1) NOT NULL COMMENT '学分',
  `status` tinyint(1) NOT NULL DEFAULT '1' COMMENT '状态：1=开课，0=停开',
  `create_time` datetime NOT NULL DEFAULT CURRENT_TIMESTAMP COMMENT '创建时间',
  `update_time` datetime NOT NULL DEFAULT CURRENT_TIMESTAMP ON UPDATE CURRENT_TIMESTAMP COMMENT '更新时间',
  `is_deleted` tinyint(1) NOT NULL DEFAULT '0' COMMENT '逻辑删除',
  PRIMARY KEY (`id`),
  UNIQUE KEY `uk_course_name` (`name`)
) ENGINE=InnoDB AUTO_INCREMENT=13 DEFAULT CHARSET=utf8mb4 COLLATE=utf8mb4_unicode_ci COMMENT='课程表';
/*!40101 SET character_set_client = @saved_cs_client */;

--
-- Dumping data for table `course`
--

LOCK TABLES `course` WRITE;
/*!40000 ALTER TABLE `course` DISABLE KEYS */;
INSERT INTO `course` VALUES (1,'数据库系统',3.0,1,'2026-07-08 10:29:50','2026-07-08 10:29:50',0),(2,'操作系统',4.0,1,'2026-07-08 10:29:50','2026-07-08 10:29:50',0),(3,'数据结构',4.0,1,'2026-07-08 10:29:50','2026-07-08 10:29:50',0),(4,'计算机网络',3.0,1,'2026-07-08 10:29:50','2026-07-08 10:29:50',0),(5,'软件工程',2.0,1,'2026-07-08 10:29:50','2026-07-08 10:29:50',0),(6,'人工智能',3.0,1,'2026-07-08 10:29:50','2026-07-08 10:29:50',0),(7,'编译原理',3.0,1,'2026-07-08 10:29:50','2026-07-08 10:29:50',0),(8,'离散数学',3.0,1,'2026-07-08 10:29:50','2026-07-08 10:29:50',0),(9,'高等数学',5.0,1,'2026-07-08 10:29:50','2026-07-08 10:29:50',0),(10,'线性代数',3.0,1,'2026-07-08 10:29:50','2026-07-08 10:29:50',0),(11,'大学英语',4.0,1,'2026-07-08 10:29:50','2026-07-08 10:29:50',0),(12,'算法设计',3.0,1,'2026-07-08 10:29:50','2026-07-08 10:29:50',0);
/*!40000 ALTER TABLE `course` ENABLE KEYS */;
UNLOCK TABLES;

--
-- Table structure for table `course_offering`
--

DROP TABLE IF EXISTS `course_offering`;
/*!40101 SET @saved_cs_client     = @@character_set_client */;
/*!50503 SET character_set_client = utf8mb4 */;
CREATE TABLE `course_offering` (
  `id` int NOT NULL AUTO_INCREMENT COMMENT '排课ID',
  `course_id` int NOT NULL COMMENT '课程ID',
  `teacher_id` int NOT NULL COMMENT '授课教师ID',
  `semester` varchar(20) COLLATE utf8mb4_unicode_ci NOT NULL COMMENT '学期',
  `max_students` int NOT NULL COMMENT '最高选课人数',
  `current_students` int NOT NULL DEFAULT '0' COMMENT '当前选课人数（触发器维护）',
  `enroll_start_time` datetime NOT NULL COMMENT '选课开始时间',
  `enroll_end_time` datetime NOT NULL COMMENT '选课截止时间',
  `grade_deadline` datetime NOT NULL COMMENT '成绩录入截止时间',
  `status` tinyint(1) NOT NULL DEFAULT '1' COMMENT '状态：1=有效，0=取消',
  `create_time` datetime NOT NULL DEFAULT CURRENT_TIMESTAMP COMMENT '创建时间',
  `update_time` datetime NOT NULL DEFAULT CURRENT_TIMESTAMP ON UPDATE CURRENT_TIMESTAMP COMMENT '更新时间',
  `is_deleted` tinyint(1) NOT NULL DEFAULT '0' COMMENT '逻辑删除',
  PRIMARY KEY (`id`),
  KEY `idx_co_course` (`course_id`),
  KEY `idx_co_teacher` (`teacher_id`),
  KEY `idx_co_semester` (`semester`),
  KEY `idx_co_enroll_time` (`enroll_start_time`,`enroll_end_time`),
  CONSTRAINT `fk_co_course` FOREIGN KEY (`course_id`) REFERENCES `course` (`id`),
  CONSTRAINT `fk_co_teacher` FOREIGN KEY (`teacher_id`) REFERENCES `teacher` (`id`)
) ENGINE=InnoDB AUTO_INCREMENT=101 DEFAULT CHARSET=utf8mb4 COLLATE=utf8mb4_unicode_ci COMMENT='选课安排表';
/*!40101 SET character_set_client = @saved_cs_client */;

--
-- Dumping data for table `course_offering`
--

LOCK TABLES `course_offering` WRITE;
/*!40000 ALTER TABLE `course_offering` DISABLE KEYS */;
INSERT INTO `course_offering` VALUES (1,6,4,'2026-2027-1',40,5,'2026-07-01 08:00:00','2026-09-15 23:59:59','2027-01-31 23:59:59',1,'2026-07-08 10:29:50','2026-07-08 21:36:13',0),(2,10,16,'2027-2028-2',40,8,'2028-02-01 08:00:00','2028-03-01 23:59:59','2028-07-15 23:59:59',1,'2026-07-08 10:29:50','2026-07-08 10:29:51',0),(3,1,3,'2026-2027-2',25,7,'2027-02-01 08:00:00','2027-03-01 23:59:59','2027-07-15 23:59:59',1,'2026-07-08 10:29:50','2026-07-08 10:29:51',0),(4,2,15,'2027-2028-1',25,9,'2027-07-01 08:00:00','2027-09-15 23:59:59','2028-01-31 23:59:59',1,'2026-07-08 10:29:50','2026-07-08 10:29:51',0),(5,11,11,'2027-2028-2',30,15,'2028-02-01 08:00:00','2028-03-01 23:59:59','2028-07-15 23:59:59',1,'2026-07-08 10:29:50','2026-07-08 10:29:51',0),(6,5,12,'2027-2028-2',35,13,'2028-02-01 08:00:00','2028-03-01 23:59:59','2028-07-15 23:59:59',1,'2026-07-08 10:29:50','2026-07-08 10:29:51',0),(7,12,3,'2027-2028-2',35,8,'2028-02-01 08:00:00','2028-03-01 23:59:59','2028-07-15 23:59:59',1,'2026-07-08 10:29:50','2026-07-08 10:29:51',0),(8,9,10,'2026-2027-1',35,3,'2026-07-01 08:00:00','2026-09-15 23:59:59','2027-01-31 23:59:59',1,'2026-07-08 10:29:50','2026-07-08 10:29:51',0),(9,3,10,'2027-2028-2',25,12,'2028-02-01 08:00:00','2028-03-01 23:59:59','2028-07-15 23:59:59',1,'2026-07-08 10:29:50','2026-07-08 10:29:51',0),(10,6,15,'2027-2028-1',40,11,'2027-07-01 08:00:00','2027-09-15 23:59:59','2028-01-31 23:59:59',1,'2026-07-08 10:29:50','2026-07-08 10:29:51',0),(11,7,16,'2026-2027-1',25,10,'2026-07-01 08:00:00','2026-09-15 23:59:59','2027-01-31 23:59:59',1,'2026-07-08 10:29:50','2026-07-08 10:29:51',0),(12,9,16,'2027-2028-2',40,27,'2028-02-01 08:00:00','2028-03-01 23:59:59','2028-07-15 23:59:59',1,'2026-07-08 10:29:50','2026-07-08 10:29:51',0),(13,7,16,'2027-2028-1',25,13,'2027-07-01 08:00:00','2027-09-15 23:59:59','2028-01-31 23:59:59',1,'2026-07-08 10:29:50','2026-07-08 10:29:51',0),(14,3,2,'2026-2027-2',25,7,'2027-02-01 08:00:00','2027-03-01 23:59:59','2027-07-15 23:59:59',1,'2026-07-08 10:29:50','2026-07-08 10:29:51',0),(15,8,5,'2027-2028-2',40,7,'2028-02-01 08:00:00','2028-03-01 23:59:59','2028-07-15 23:59:59',1,'2026-07-08 10:29:50','2026-07-08 10:29:51',0),(16,2,15,'2026-2027-2',40,7,'2027-02-01 08:00:00','2027-03-01 23:59:59','2027-07-15 23:59:59',1,'2026-07-08 10:29:50','2026-07-08 10:29:51',0),(17,9,13,'2027-2028-1',35,10,'2027-07-01 08:00:00','2027-09-15 23:59:59','2028-01-31 23:59:59',1,'2026-07-08 10:29:50','2026-07-08 10:29:51',0),(18,7,14,'2027-2028-2',30,8,'2028-02-01 08:00:00','2028-03-01 23:59:59','2028-07-15 23:59:59',1,'2026-07-08 10:29:50','2026-07-08 10:29:51',0),(19,5,1,'2027-2028-1',25,8,'2027-07-01 08:00:00','2027-09-15 23:59:59','2028-01-31 23:59:59',1,'2026-07-08 10:29:50','2026-07-08 10:29:51',0),(20,11,15,'2026-2027-2',40,9,'2027-02-01 08:00:00','2027-03-01 23:59:59','2027-07-15 23:59:59',1,'2026-07-08 10:29:50','2026-07-08 10:29:51',0),(21,4,9,'2027-2028-1',40,10,'2027-07-01 08:00:00','2027-09-15 23:59:59','2028-01-31 23:59:59',1,'2026-07-08 10:29:50','2026-07-08 10:29:51',0),(22,9,16,'2027-2028-2',40,0,'2028-02-01 08:00:00','2028-03-01 23:59:59','2028-07-15 23:59:59',1,'2026-07-08 10:29:50','2026-07-08 10:29:50',0),(23,5,11,'2026-2027-1',40,11,'2026-07-01 08:00:00','2026-09-15 23:59:59','2027-01-31 23:59:59',1,'2026-07-08 10:29:50','2026-07-08 10:29:51',0),(24,8,9,'2026-2027-1',40,3,'2026-07-01 08:00:00','2026-09-15 23:59:59','2027-01-31 23:59:59',1,'2026-07-08 10:29:50','2026-07-08 10:29:51',0),(25,7,16,'2026-2027-2',25,9,'2027-02-01 08:00:00','2027-03-01 23:59:59','2027-07-15 23:59:59',1,'2026-07-08 10:29:50','2026-07-08 10:29:51',0),(26,8,12,'2027-2028-1',25,9,'2027-07-01 08:00:00','2027-09-15 23:59:59','2028-01-31 23:59:59',1,'2026-07-08 10:29:50','2026-07-08 10:29:51',0),(27,12,14,'2026-2027-2',30,6,'2027-02-01 08:00:00','2027-03-01 23:59:59','2027-07-15 23:59:59',1,'2026-07-08 10:29:50','2026-07-08 10:29:51',0),(28,1,3,'2027-2028-2',25,7,'2028-02-01 08:00:00','2028-03-01 23:59:59','2028-07-15 23:59:59',1,'2026-07-08 10:29:50','2026-07-08 10:29:51',0),(29,10,3,'2027-2028-2',30,9,'2028-02-01 08:00:00','2028-03-01 23:59:59','2028-07-15 23:59:59',1,'2026-07-08 10:29:50','2026-07-08 10:29:51',0),(30,2,2,'2026-2027-2',35,2,'2027-02-01 08:00:00','2027-03-01 23:59:59','2027-07-15 23:59:59',1,'2026-07-08 10:29:50','2026-07-08 10:29:51',0),(31,3,1,'2027-2028-1',35,5,'2027-07-01 08:00:00','2027-09-15 23:59:59','2028-01-31 23:59:59',1,'2026-07-08 10:29:50','2026-07-08 10:29:51',0),(32,12,5,'2027-2028-2',30,12,'2028-02-01 08:00:00','2028-03-01 23:59:59','2028-07-15 23:59:59',1,'2026-07-08 10:29:50','2026-07-08 10:29:51',0),(33,10,5,'2027-2028-2',35,15,'2028-02-01 08:00:00','2028-03-01 23:59:59','2028-07-15 23:59:59',1,'2026-07-08 10:29:50','2026-07-08 10:29:51',0),(34,7,6,'2026-2027-1',30,6,'2026-07-01 08:00:00','2026-09-15 23:59:59','2027-01-31 23:59:59',1,'2026-07-08 10:29:50','2026-07-08 10:29:51',0),(35,9,14,'2027-2028-1',40,10,'2027-07-01 08:00:00','2027-09-15 23:59:59','2028-01-31 23:59:59',1,'2026-07-08 10:29:50','2026-07-08 10:29:51',0),(36,9,7,'2026-2027-2',40,6,'2027-02-01 08:00:00','2027-03-01 23:59:59','2027-07-15 23:59:59',1,'2026-07-08 10:29:50','2026-07-08 10:29:51',0),(37,2,13,'2026-2027-1',25,6,'2026-07-01 08:00:00','2026-09-15 23:59:59','2027-01-31 23:59:59',1,'2026-07-08 10:29:50','2026-07-08 10:29:51',0),(38,6,12,'2026-2027-1',25,4,'2026-07-01 08:00:00','2026-09-15 23:59:59','2027-01-31 23:59:59',1,'2026-07-08 10:29:50','2026-07-08 10:29:51',0),(39,9,16,'2026-2027-1',35,8,'2026-07-01 08:00:00','2026-09-15 23:59:59','2027-01-31 23:59:59',1,'2026-07-08 10:29:50','2026-07-08 10:29:51',0),(40,8,11,'2027-2028-1',25,6,'2027-07-01 08:00:00','2027-09-15 23:59:59','2028-01-31 23:59:59',1,'2026-07-08 10:29:50','2026-07-08 10:29:51',0),(41,8,6,'2027-2028-2',30,7,'2028-02-01 08:00:00','2028-03-01 23:59:59','2028-07-15 23:59:59',1,'2026-07-08 10:29:50','2026-07-08 10:29:51',0),(42,7,11,'2026-2027-2',40,16,'2027-02-01 08:00:00','2027-03-01 23:59:59','2027-07-15 23:59:59',1,'2026-07-08 10:29:50','2026-07-08 10:29:51',0),(43,11,3,'2026-2027-2',40,9,'2027-02-01 08:00:00','2027-03-01 23:59:59','2027-07-15 23:59:59',1,'2026-07-08 10:29:50','2026-07-08 10:29:51',0),(44,4,6,'2026-2027-1',25,12,'2026-07-01 08:00:00','2026-09-15 23:59:59','2027-01-31 23:59:59',1,'2026-07-08 10:29:50','2026-07-08 10:29:51',0),(45,8,7,'2026-2027-1',40,7,'2026-07-01 08:00:00','2026-09-15 23:59:59','2027-01-31 23:59:59',1,'2026-07-08 10:29:50','2026-07-08 10:29:51',0),(46,3,7,'2026-2027-1',30,6,'2026-07-01 08:00:00','2026-09-15 23:59:59','2027-01-31 23:59:59',1,'2026-07-08 10:29:50','2026-07-08 10:29:51',0),(47,11,6,'2026-2027-2',40,10,'2027-02-01 08:00:00','2027-03-01 23:59:59','2027-07-15 23:59:59',1,'2026-07-08 10:29:50','2026-07-08 10:29:51',0),(48,7,14,'2027-2028-1',25,3,'2027-07-01 08:00:00','2027-09-15 23:59:59','2028-01-31 23:59:59',1,'2026-07-08 10:29:50','2026-07-08 10:29:51',0),(49,5,6,'2027-2028-2',35,8,'2028-02-01 08:00:00','2028-03-01 23:59:59','2028-07-15 23:59:59',1,'2026-07-08 10:29:50','2026-07-08 10:29:51',0),(50,5,15,'2026-2027-2',40,8,'2027-02-01 08:00:00','2027-03-01 23:59:59','2027-07-15 23:59:59',1,'2026-07-08 10:29:50','2026-07-08 10:29:51',0),(51,5,15,'2027-2028-2',30,7,'2028-02-01 08:00:00','2028-03-01 23:59:59','2028-07-15 23:59:59',1,'2026-07-08 10:29:50','2026-07-08 10:29:51',0),(52,9,16,'2027-2028-1',40,5,'2027-07-01 08:00:00','2027-09-15 23:59:59','2028-01-31 23:59:59',1,'2026-07-08 10:29:50','2026-07-08 10:29:51',0),(53,9,9,'2026-2027-1',25,8,'2026-07-01 08:00:00','2026-09-15 23:59:59','2027-01-31 23:59:59',1,'2026-07-08 10:29:50','2026-07-08 10:29:51',0),(54,4,1,'2026-2027-2',25,15,'2027-02-01 08:00:00','2027-03-01 23:59:59','2027-07-15 23:59:59',1,'2026-07-08 10:29:50','2026-07-08 10:29:51',0),(55,11,11,'2027-2028-2',40,0,'2028-02-01 08:00:00','2028-03-01 23:59:59','2028-07-15 23:59:59',1,'2026-07-08 10:29:50','2026-07-08 10:29:50',0),(56,1,12,'2026-2027-2',30,12,'2027-02-01 08:00:00','2027-03-01 23:59:59','2027-07-15 23:59:59',1,'2026-07-08 10:29:50','2026-07-08 10:29:51',0),(57,9,7,'2027-2028-1',25,20,'2027-07-01 08:00:00','2027-09-15 23:59:59','2028-01-31 23:59:59',1,'2026-07-08 10:29:50','2026-07-08 10:29:51',0),(58,9,7,'2027-2028-1',35,0,'2027-07-01 08:00:00','2027-09-15 23:59:59','2028-01-31 23:59:59',1,'2026-07-08 10:29:50','2026-07-08 10:29:50',0),(59,11,5,'2027-2028-1',25,11,'2027-07-01 08:00:00','2027-09-15 23:59:59','2028-01-31 23:59:59',1,'2026-07-08 10:29:50','2026-07-08 10:29:51',0),(60,2,14,'2027-2028-1',30,8,'2027-07-01 08:00:00','2027-09-15 23:59:59','2028-01-31 23:59:59',1,'2026-07-08 10:29:50','2026-07-08 10:29:51',0),(61,11,2,'2026-2027-1',35,9,'2026-07-01 08:00:00','2026-09-15 23:59:59','2027-01-31 23:59:59',1,'2026-07-08 10:29:50','2026-07-08 10:29:51',0),(62,11,4,'2026-2027-2',35,7,'2027-02-01 08:00:00','2027-03-01 23:59:59','2027-07-15 23:59:59',1,'2026-07-08 10:29:50','2026-07-08 10:29:51',0),(63,10,3,'2027-2028-1',35,10,'2027-07-01 08:00:00','2027-09-15 23:59:59','2028-01-31 23:59:59',1,'2026-07-08 10:29:50','2026-07-08 10:29:51',0),(64,3,9,'2027-2028-1',35,9,'2027-07-01 08:00:00','2027-09-15 23:59:59','2028-01-31 23:59:59',1,'2026-07-08 10:29:50','2026-07-08 10:29:51',0),(65,1,14,'2026-2027-1',35,4,'2026-07-01 08:00:00','2026-09-15 23:59:59','2027-01-31 23:59:59',1,'2026-07-08 10:29:50','2026-07-08 10:29:51',0),(66,1,2,'2027-2028-2',25,11,'2028-02-01 08:00:00','2028-03-01 23:59:59','2028-07-15 23:59:59',1,'2026-07-08 10:29:50','2026-07-08 10:29:51',0),(67,1,10,'2026-2027-2',25,10,'2027-02-01 08:00:00','2027-03-01 23:59:59','2027-07-15 23:59:59',1,'2026-07-08 10:29:50','2026-07-08 10:29:51',0),(68,11,12,'2026-2027-1',35,10,'2026-07-01 08:00:00','2026-09-15 23:59:59','2027-01-31 23:59:59',1,'2026-07-08 10:29:50','2026-07-08 10:29:51',0),(69,10,2,'2027-2028-2',40,7,'2028-02-01 08:00:00','2028-03-01 23:59:59','2028-07-15 23:59:59',1,'2026-07-08 10:29:50','2026-07-08 10:29:51',0),(70,10,7,'2027-2028-1',40,12,'2027-07-01 08:00:00','2027-09-15 23:59:59','2028-01-31 23:59:59',1,'2026-07-08 10:29:50','2026-07-08 10:29:51',0),(71,11,4,'2027-2028-2',35,13,'2028-02-01 08:00:00','2028-03-01 23:59:59','2028-07-15 23:59:59',1,'2026-07-08 10:29:50','2026-07-08 21:07:39',0),(72,7,10,'2027-2028-1',35,12,'2027-07-01 08:00:00','2027-09-15 23:59:59','2028-01-31 23:59:59',1,'2026-07-08 10:29:50','2026-07-08 10:29:51',0),(73,12,14,'2026-2027-1',25,10,'2026-07-01 08:00:00','2026-09-15 23:59:59','2027-01-31 23:59:59',1,'2026-07-08 10:29:50','2026-07-08 10:29:51',0),(74,12,11,'2027-2028-1',35,5,'2027-07-01 08:00:00','2027-09-15 23:59:59','2028-01-31 23:59:59',1,'2026-07-08 10:29:50','2026-07-08 10:29:51',0),(75,5,14,'2026-2027-1',35,2,'2026-07-01 08:00:00','2026-09-15 23:59:59','2027-01-31 23:59:59',1,'2026-07-08 10:29:50','2026-07-08 10:29:51',0),(76,9,11,'2026-2027-1',30,7,'2026-07-01 08:00:00','2026-09-15 23:59:59','2027-01-31 23:59:59',1,'2026-07-08 10:29:50','2026-07-08 10:29:51',0),(77,12,4,'2026-2027-1',30,5,'2026-07-01 08:00:00','2026-09-15 23:59:59','2027-01-31 23:59:59',1,'2026-07-08 10:29:50','2026-07-08 10:29:51',0),(78,2,2,'2026-2027-1',30,9,'2026-07-01 08:00:00','2026-09-15 23:59:59','2027-01-31 23:59:59',1,'2026-07-08 10:29:50','2026-07-08 10:29:51',0),(79,10,10,'2027-2028-1',25,8,'2027-07-01 08:00:00','2027-09-15 23:59:59','2028-01-31 23:59:59',1,'2026-07-08 10:29:50','2026-07-08 10:29:51',0),(80,10,5,'2027-2028-2',35,0,'2028-02-01 08:00:00','2028-03-01 23:59:59','2028-07-15 23:59:59',1,'2026-07-08 10:29:50','2026-07-08 10:29:50',0),(81,7,13,'2027-2028-2',30,7,'2028-02-01 08:00:00','2028-03-01 23:59:59','2028-07-15 23:59:59',1,'2026-07-08 10:29:50','2026-07-08 10:29:51',0),(82,11,8,'2027-2028-2',30,10,'2028-02-01 08:00:00','2028-03-01 23:59:59','2028-07-15 23:59:59',1,'2026-07-08 10:29:50','2026-07-08 10:29:51',0),(83,9,1,'2026-2027-2',40,12,'2027-02-01 08:00:00','2027-03-01 23:59:59','2027-07-15 23:59:59',1,'2026-07-08 10:29:50','2026-07-08 10:29:51',0),(84,3,8,'2027-2028-1',25,4,'2027-07-01 08:00:00','2027-09-15 23:59:59','2028-01-31 23:59:59',1,'2026-07-08 10:29:50','2026-07-08 10:29:51',0),(85,5,16,'2026-2027-1',40,9,'2026-07-01 08:00:00','2026-09-15 23:59:59','2027-01-31 23:59:59',1,'2026-07-08 10:29:50','2026-07-08 10:29:51',0),(86,6,5,'2027-2028-1',25,8,'2027-07-01 08:00:00','2027-09-15 23:59:59','2028-01-31 23:59:59',1,'2026-07-08 10:29:50','2026-07-08 10:29:51',0),(87,9,2,'2026-2027-2',35,8,'2027-02-01 08:00:00','2027-03-01 23:59:59','2027-07-15 23:59:59',1,'2026-07-08 10:29:50','2026-07-08 10:29:51',0),(88,11,11,'2027-2028-1',25,8,'2027-07-01 08:00:00','2027-09-15 23:59:59','2028-01-31 23:59:59',1,'2026-07-08 10:29:50','2026-07-08 10:29:51',0),(89,11,8,'2026-2027-1',40,11,'2026-07-01 08:00:00','2026-09-15 23:59:59','2027-01-31 23:59:59',1,'2026-07-08 10:29:50','2026-07-08 10:29:51',0),(90,4,5,'2026-2027-1',40,5,'2026-07-01 08:00:00','2026-09-15 23:59:59','2027-01-31 23:59:59',1,'2026-07-08 10:29:50','2026-07-08 10:29:51',0),(91,4,9,'2027-2028-1',35,0,'2027-07-01 08:00:00','2027-09-15 23:59:59','2028-01-31 23:59:59',1,'2026-07-08 10:29:50','2026-07-08 10:29:50',0),(92,6,12,'2026-2027-2',40,8,'2027-02-01 08:00:00','2027-03-01 23:59:59','2027-07-15 23:59:59',1,'2026-07-08 10:29:50','2026-07-08 10:29:51',0),(93,9,16,'2027-2028-2',35,0,'2028-02-01 08:00:00','2028-03-01 23:59:59','2028-07-15 23:59:59',1,'2026-07-08 10:29:50','2026-07-08 10:29:50',0),(94,3,14,'2026-2027-2',30,8,'2027-02-01 08:00:00','2027-03-01 23:59:59','2027-07-15 23:59:59',1,'2026-07-08 10:29:50','2026-07-08 10:29:51',0),(95,1,12,'2027-2028-2',40,12,'2028-02-01 08:00:00','2028-03-01 23:59:59','2028-07-15 23:59:59',1,'2026-07-08 10:29:50','2026-07-08 10:29:51',0),(96,11,6,'2026-2027-1',25,9,'2026-07-01 08:00:00','2026-09-15 23:59:59','2027-01-31 23:59:59',1,'2026-07-08 10:29:50','2026-07-08 10:29:51',0),(97,6,9,'2027-2028-1',30,11,'2027-07-01 08:00:00','2027-09-15 23:59:59','2028-01-31 23:59:59',1,'2026-07-08 10:29:50','2026-07-08 10:29:51',0),(98,1,7,'2026-2027-1',35,8,'2026-07-01 08:00:00','2026-09-15 23:59:59','2027-01-31 23:59:59',1,'2026-07-08 10:29:50','2026-07-08 10:29:51',0),(99,7,13,'2026-2027-1',30,8,'2026-07-01 08:00:00','2026-09-15 23:59:59','2027-01-31 23:59:59',1,'2026-07-08 10:29:50','2026-07-08 10:29:51',0),(100,2,5,'2026-2027-1',40,9,'2026-07-01 08:00:00','2026-09-15 23:59:59','2027-01-31 23:59:59',1,'2026-07-08 10:29:50','2026-07-08 10:29:51',0);
/*!40000 ALTER TABLE `course_offering` ENABLE KEYS */;
UNLOCK TABLES;

--
-- Table structure for table `enrollment`
--

DROP TABLE IF EXISTS `enrollment`;
/*!40101 SET @saved_cs_client     = @@character_set_client */;
/*!50503 SET character_set_client = utf8mb4 */;
CREATE TABLE `enrollment` (
  `id` int NOT NULL AUTO_INCREMENT COMMENT '选课记录ID',
  `offering_id` int NOT NULL COMMENT '选课安排ID',
  `student_id` int NOT NULL COMMENT '学生ID',
  `score` decimal(5,2) DEFAULT NULL COMMENT '成绩，NULL=未录入',
  `create_time` datetime NOT NULL DEFAULT CURRENT_TIMESTAMP COMMENT '选课时间',
  `update_time` datetime NOT NULL DEFAULT CURRENT_TIMESTAMP ON UPDATE CURRENT_TIMESTAMP COMMENT '更新时间',
  `is_deleted` tinyint(1) NOT NULL DEFAULT '0' COMMENT '逻辑删除：0=选课中，1=已退选',
  PRIMARY KEY (`id`),
  UNIQUE KEY `uk_enrollment` (`offering_id`,`student_id`),
  KEY `idx_enr_offering` (`offering_id`),
  KEY `idx_enr_student` (`student_id`),
  CONSTRAINT `fk_enr_offering` FOREIGN KEY (`offering_id`) REFERENCES `course_offering` (`id`),
  CONSTRAINT `fk_enr_student` FOREIGN KEY (`student_id`) REFERENCES `student` (`id`)
) ENGINE=InnoDB AUTO_INCREMENT=831 DEFAULT CHARSET=utf8mb4 COLLATE=utf8mb4_unicode_ci COMMENT='选课表';
/*!40101 SET character_set_client = @saved_cs_client */;

--
-- Dumping data for table `enrollment`
--

LOCK TABLES `enrollment` WRITE;
/*!40000 ALTER TABLE `enrollment` DISABLE KEYS */;
INSERT INTO `enrollment` VALUES (1,71,1,71.50,'2026-07-08 10:29:50','2026-07-08 21:07:39',1),(2,34,1,84.90,'2026-07-08 10:29:50','2026-07-08 10:29:50',0),(3,40,1,88.80,'2026-07-08 10:29:50','2026-07-08 10:29:50',0),(4,6,1,86.70,'2026-07-08 10:29:50','2026-07-08 10:29:50',0),(5,95,1,96.10,'2026-07-08 10:29:50','2026-07-08 10:29:50',0),(6,76,1,73.80,'2026-07-08 10:29:50','2026-07-08 10:29:50',0),(7,85,1,68.10,'2026-07-08 10:29:50','2026-07-08 10:29:50',0),(8,12,2,91.20,'2026-07-08 10:29:50','2026-07-08 10:29:50',0),(9,67,2,77.60,'2026-07-08 10:29:50','2026-07-08 10:29:50',0),(10,4,2,93.00,'2026-07-08 10:29:50','2026-07-08 10:29:50',0),(11,23,2,75.40,'2026-07-08 10:29:50','2026-07-08 10:29:50',0),(12,41,2,81.00,'2026-07-08 10:29:50','2026-07-08 10:29:50',0),(13,70,2,81.00,'2026-07-08 10:29:50','2026-07-08 10:29:50',0),(14,19,2,60.70,'2026-07-08 10:29:50','2026-07-08 10:29:50',0),(15,21,2,82.70,'2026-07-08 10:29:50','2026-07-08 10:29:50',0),(16,45,3,77.50,'2026-07-08 10:29:50','2026-07-08 10:29:50',0),(17,61,3,74.10,'2026-07-08 10:29:50','2026-07-08 10:29:50',0),(18,64,3,70.70,'2026-07-08 10:29:50','2026-07-08 10:29:50',0),(19,16,3,70.80,'2026-07-08 10:29:50','2026-07-08 10:29:50',0),(20,72,3,72.80,'2026-07-08 10:29:50','2026-07-08 10:29:50',0),(21,12,4,88.10,'2026-07-08 10:29:50','2026-07-08 10:29:50',0),(22,42,4,74.40,'2026-07-08 10:29:50','2026-07-08 10:29:50',0),(23,56,4,81.80,'2026-07-08 10:29:50','2026-07-08 10:29:50',0),(24,65,4,77.80,'2026-07-08 10:29:50','2026-07-08 10:29:50',0),(25,72,4,66.80,'2026-07-08 10:29:50','2026-07-08 10:29:50',0),(26,43,4,87.50,'2026-07-08 10:29:50','2026-07-08 10:29:50',0),(27,49,5,73.00,'2026-07-08 10:29:50','2026-07-08 10:29:50',0),(28,28,5,82.40,'2026-07-08 10:29:50','2026-07-08 10:29:50',0),(29,20,5,62.40,'2026-07-08 10:29:50','2026-07-08 10:29:50',0),(30,57,5,72.40,'2026-07-08 10:29:50','2026-07-08 10:29:50',0),(31,96,5,81.30,'2026-07-08 10:29:50','2026-07-08 10:29:50',0),(32,73,5,72.40,'2026-07-08 10:29:50','2026-07-08 10:29:50',0),(33,85,5,75.70,'2026-07-08 10:29:50','2026-07-08 10:29:50',0),(34,95,5,84.90,'2026-07-08 10:29:50','2026-07-08 10:29:50',0),(35,17,5,83.70,'2026-07-08 10:29:50','2026-07-08 10:29:50',0),(36,87,6,74.70,'2026-07-08 10:29:50','2026-07-08 10:29:50',0),(37,99,6,75.80,'2026-07-08 10:29:50','2026-07-08 10:29:50',0),(38,64,6,94.00,'2026-07-08 10:29:50','2026-07-08 10:29:50',0),(39,82,6,82.40,'2026-07-08 10:29:50','2026-07-08 10:29:50',0),(40,86,6,71.20,'2026-07-08 10:29:50','2026-07-08 10:29:50',0),(41,83,7,75.70,'2026-07-08 10:29:50','2026-07-08 10:29:50',0),(42,79,7,78.50,'2026-07-08 10:29:50','2026-07-08 10:29:50',0),(43,54,7,87.00,'2026-07-08 10:29:50','2026-07-08 10:29:50',0),(44,100,7,74.60,'2026-07-08 10:29:50','2026-07-08 10:29:50',0),(45,61,7,73.30,'2026-07-08 10:29:50','2026-07-08 10:29:50',0),(46,62,7,71.70,'2026-07-08 10:29:50','2026-07-08 10:29:50',0),(47,44,7,78.80,'2026-07-08 10:29:50','2026-07-08 10:29:50',0),(48,2,7,88.80,'2026-07-08 10:29:50','2026-07-08 10:29:50',0),(49,5,7,61.90,'2026-07-08 10:29:50','2026-07-08 10:29:50',0),(50,21,8,75.30,'2026-07-08 10:29:50','2026-07-08 10:29:50',0),(51,40,8,80.30,'2026-07-08 10:29:50','2026-07-08 10:29:50',0),(52,11,8,60.40,'2026-07-08 10:29:50','2026-07-08 10:29:50',0),(53,73,8,74.60,'2026-07-08 10:29:50','2026-07-08 10:29:50',0),(54,54,8,88.50,'2026-07-08 10:29:50','2026-07-08 10:29:50',0),(55,92,8,76.00,'2026-07-08 10:29:50','2026-07-08 10:29:50',0),(56,45,9,60.30,'2026-07-08 10:29:50','2026-07-08 10:29:50',0),(57,41,9,70.20,'2026-07-08 10:29:50','2026-07-08 10:29:50',0),(58,78,9,62.30,'2026-07-08 10:29:50','2026-07-08 10:29:50',0),(59,62,9,71.80,'2026-07-08 10:29:50','2026-07-08 10:29:50',0),(60,33,9,87.60,'2026-07-08 10:29:50','2026-07-08 10:29:50',0),(61,63,9,82.00,'2026-07-08 10:29:50','2026-07-08 10:29:50',0),(62,42,9,94.10,'2026-07-08 10:29:50','2026-07-08 10:29:50',0),(63,12,10,77.70,'2026-07-08 10:29:50','2026-07-08 10:29:50',0),(64,83,10,47.90,'2026-07-08 10:29:50','2026-07-08 10:29:50',0),(65,85,10,68.80,'2026-07-08 10:29:50','2026-07-08 10:29:50',0),(66,66,10,74.40,'2026-07-08 10:29:50','2026-07-08 10:29:50',0),(67,88,10,73.20,'2026-07-08 10:29:50','2026-07-08 10:29:50',0),(68,72,11,73.40,'2026-07-08 10:29:50','2026-07-08 10:29:50',0),(69,23,11,85.50,'2026-07-08 10:29:50','2026-07-08 10:29:50',0),(70,98,11,84.20,'2026-07-08 10:29:50','2026-07-08 10:29:50',0),(71,33,11,84.60,'2026-07-08 10:29:50','2026-07-08 10:29:50',0),(72,68,11,74.60,'2026-07-08 10:29:50','2026-07-08 10:29:50',0),(73,100,12,85.90,'2026-07-08 10:29:50','2026-07-08 10:29:50',0),(74,92,12,76.50,'2026-07-08 10:29:50','2026-07-08 10:29:50',0),(75,63,12,85.50,'2026-07-08 10:29:50','2026-07-08 10:29:50',0),(76,18,12,71.40,'2026-07-08 10:29:50','2026-07-08 10:29:50',0),(77,72,12,87.20,'2026-07-08 10:29:50','2026-07-08 10:29:50',0),(78,87,12,75.20,'2026-07-08 10:29:50','2026-07-08 10:29:50',0),(79,42,12,67.80,'2026-07-08 10:29:50','2026-07-08 10:29:50',0),(80,39,13,81.50,'2026-07-08 10:29:50','2026-07-08 10:29:50',0),(81,23,13,76.80,'2026-07-08 10:29:50','2026-07-08 10:29:50',0),(82,18,13,73.70,'2026-07-08 10:29:50','2026-07-08 10:29:50',0),(83,35,13,78.20,'2026-07-08 10:29:50','2026-07-08 10:29:50',0),(84,70,13,38.70,'2026-07-08 10:29:50','2026-07-08 10:29:50',0),(85,89,13,78.00,'2026-07-08 10:29:50','2026-07-08 10:29:50',0),(86,46,13,96.80,'2026-07-08 10:29:50','2026-07-08 10:29:50',0),(87,20,14,93.50,'2026-07-08 10:29:50','2026-07-08 10:29:50',0),(88,42,14,66.30,'2026-07-08 10:29:50','2026-07-08 10:29:50',0),(89,19,14,63.00,'2026-07-08 10:29:50','2026-07-08 10:29:50',0),(90,92,14,95.00,'2026-07-08 10:29:50','2026-07-08 10:29:50',0),(91,66,14,60.80,'2026-07-08 10:29:50','2026-07-08 10:29:50',0),(92,6,14,71.80,'2026-07-08 10:29:50','2026-07-08 10:29:50',0),(93,61,14,62.20,'2026-07-08 10:29:50','2026-07-08 10:29:50',0),(94,1,14,92.00,'2026-07-08 10:29:50','2026-07-08 10:35:56',0),(95,21,15,82.80,'2026-07-08 10:29:50','2026-07-08 10:29:50',0),(96,69,15,78.40,'2026-07-08 10:29:50','2026-07-08 10:29:50',0),(97,5,15,74.30,'2026-07-08 10:29:50','2026-07-08 10:29:50',0),(98,12,15,61.90,'2026-07-08 10:29:50','2026-07-08 10:29:50',0),(99,59,15,86.80,'2026-07-08 10:29:50','2026-07-08 10:29:50',0),(100,47,15,86.10,'2026-07-08 10:29:50','2026-07-08 10:29:50',0),(101,83,16,48.80,'2026-07-08 10:29:50','2026-07-08 10:29:50',0),(102,56,16,67.10,'2026-07-08 10:29:50','2026-07-08 10:29:50',0),(103,25,16,83.30,'2026-07-08 10:29:50','2026-07-08 10:29:50',0),(104,5,16,95.20,'2026-07-08 10:29:50','2026-07-08 10:29:50',0),(105,4,16,67.60,'2026-07-08 10:29:50','2026-07-08 10:29:50',0),(106,71,16,71.20,'2026-07-08 10:29:50','2026-07-08 10:29:50',0),(107,72,17,70.40,'2026-07-08 10:29:50','2026-07-08 10:29:50',0),(108,29,17,75.00,'2026-07-08 10:29:50','2026-07-08 10:29:50',0),(109,46,17,78.70,'2026-07-08 10:29:50','2026-07-08 10:29:50',0),(110,59,17,94.70,'2026-07-08 10:29:50','2026-07-08 10:29:50',0),(111,49,17,77.20,'2026-07-08 10:29:50','2026-07-08 10:29:50',0),(112,78,17,68.50,'2026-07-08 10:29:50','2026-07-08 10:29:50',0),(113,38,18,65.10,'2026-07-08 10:29:50','2026-07-08 10:29:50',0),(114,5,18,85.80,'2026-07-08 10:29:50','2026-07-08 10:29:50',0),(115,11,18,74.10,'2026-07-08 10:29:50','2026-07-08 10:29:50',0),(116,76,18,70.20,'2026-07-08 10:29:50','2026-07-08 10:29:50',0),(117,6,18,61.20,'2026-07-08 10:29:50','2026-07-08 10:29:50',0),(118,9,18,80.80,'2026-07-08 10:29:50','2026-07-08 10:29:50',0),(119,68,18,72.30,'2026-07-08 10:29:50','2026-07-08 10:29:50',0),(120,96,19,88.70,'2026-07-08 10:29:50','2026-07-08 10:29:50',0),(121,10,19,66.50,'2026-07-08 10:29:50','2026-07-08 10:29:50',0),(122,97,19,84.20,'2026-07-08 10:29:50','2026-07-08 10:29:50',0),(123,78,19,88.10,'2026-07-08 10:29:50','2026-07-08 10:29:50',0),(124,67,19,73.60,'2026-07-08 10:29:50','2026-07-08 10:29:50',0),(125,41,20,75.30,'2026-07-08 10:29:50','2026-07-08 10:29:50',0),(126,54,20,74.30,'2026-07-08 10:29:50','2026-07-08 10:29:50',0),(127,6,20,99.50,'2026-07-08 10:29:50','2026-07-08 10:29:50',0),(128,63,20,80.30,'2026-07-08 10:29:50','2026-07-08 10:29:50',0),(129,32,20,71.30,'2026-07-08 10:29:50','2026-07-08 10:29:50',0),(130,77,20,84.70,'2026-07-08 10:29:50','2026-07-08 10:29:50',0),(131,24,20,83.90,'2026-07-08 10:29:50','2026-07-08 10:29:50',0),(132,57,20,70.20,'2026-07-08 10:29:50','2026-07-08 10:29:50',0),(133,25,20,74.70,'2026-07-08 10:29:50','2026-07-08 10:29:50',0),(134,16,21,71.00,'2026-07-08 10:29:50','2026-07-08 10:29:50',0),(135,73,21,88.90,'2026-07-08 10:29:50','2026-07-08 10:29:50',0),(136,48,21,70.10,'2026-07-08 10:29:50','2026-07-08 10:29:50',0),(137,28,21,82.40,'2026-07-08 10:29:50','2026-07-08 10:29:50',0),(138,76,21,64.70,'2026-07-08 10:29:50','2026-07-08 10:29:50',0),(139,10,21,60.80,'2026-07-08 10:29:50','2026-07-08 10:29:50',0),(140,71,21,88.20,'2026-07-08 10:29:50','2026-07-08 10:29:50',0),(141,12,21,87.60,'2026-07-08 10:29:50','2026-07-08 10:29:50',0),(142,59,21,65.10,'2026-07-08 10:29:50','2026-07-08 10:29:50',0),(143,71,22,68.60,'2026-07-08 10:29:50','2026-07-08 10:29:50',0),(144,86,22,68.70,'2026-07-08 10:29:50','2026-07-08 10:29:50',0),(145,5,22,78.70,'2026-07-08 10:29:50','2026-07-08 10:29:50',0),(146,46,22,90.90,'2026-07-08 10:29:50','2026-07-08 10:29:50',0),(147,89,22,72.50,'2026-07-08 10:29:50','2026-07-08 10:29:50',0),(148,60,22,96.20,'2026-07-08 10:29:50','2026-07-08 10:29:50',0),(149,66,22,99.20,'2026-07-08 10:29:50','2026-07-08 10:29:50',0),(150,81,22,97.00,'2026-07-08 10:29:50','2026-07-08 10:29:50',0),(151,12,23,72.10,'2026-07-08 10:29:50','2026-07-08 10:29:50',0),(152,71,23,80.80,'2026-07-08 10:29:50','2026-07-08 10:29:50',0),(153,82,23,94.10,'2026-07-08 10:29:50','2026-07-08 10:29:50',0),(154,67,23,74.00,'2026-07-08 10:29:50','2026-07-08 10:29:50',0),(155,75,23,71.50,'2026-07-08 10:29:50','2026-07-08 10:29:50',0),(156,70,23,81.80,'2026-07-08 10:29:50','2026-07-08 10:29:50',0),(157,31,23,100.00,'2026-07-08 10:29:50','2026-07-08 21:40:29',0),(158,64,23,49.00,'2026-07-08 10:29:50','2026-07-08 10:29:50',0),(159,7,23,70.20,'2026-07-08 10:29:50','2026-07-08 10:29:50',0),(160,96,24,77.40,'2026-07-08 10:29:50','2026-07-08 10:29:50',0),(161,97,24,76.20,'2026-07-08 10:29:50','2026-07-08 10:29:50',0),(162,17,24,72.90,'2026-07-08 10:29:50','2026-07-08 10:29:50',0),(163,73,24,71.00,'2026-07-08 10:29:50','2026-07-08 10:29:50',0),(164,67,24,93.80,'2026-07-08 10:29:50','2026-07-08 10:29:50',0),(165,81,25,75.30,'2026-07-08 10:29:50','2026-07-08 10:29:50',0),(166,54,25,72.10,'2026-07-08 10:29:50','2026-07-08 10:29:50',0),(167,86,25,82.20,'2026-07-08 10:29:50','2026-07-08 10:29:50',0),(168,73,25,86.10,'2026-07-08 10:29:50','2026-07-08 10:29:50',0),(169,44,25,75.10,'2026-07-08 10:29:50','2026-07-08 10:29:50',0),(170,66,25,84.80,'2026-07-08 10:29:50','2026-07-08 10:29:50',0),(171,46,25,39.90,'2026-07-08 10:29:50','2026-07-08 10:29:50',0),(172,11,25,76.40,'2026-07-08 10:29:50','2026-07-08 10:29:50',0),(173,13,26,70.60,'2026-07-08 10:29:50','2026-07-08 10:29:50',0),(174,32,26,95.30,'2026-07-08 10:29:50','2026-07-08 10:29:50',0),(175,86,26,88.50,'2026-07-08 10:29:50','2026-07-08 10:29:50',0),(176,61,26,96.10,'2026-07-08 10:29:50','2026-07-08 10:29:50',0),(177,97,26,63.40,'2026-07-08 10:29:50','2026-07-08 10:29:50',0),(178,21,26,74.00,'2026-07-08 10:29:50','2026-07-08 10:29:50',0),(179,78,26,82.00,'2026-07-08 10:29:50','2026-07-08 10:29:50',0),(180,65,26,87.30,'2026-07-08 10:29:50','2026-07-08 10:29:50',0),(181,85,26,68.60,'2026-07-08 10:29:50','2026-07-08 10:29:50',0),(182,99,27,72.70,'2026-07-08 10:29:50','2026-07-08 10:29:50',0),(183,57,27,81.50,'2026-07-08 10:29:50','2026-07-08 10:29:50',0),(184,94,27,70.30,'2026-07-08 10:29:50','2026-07-08 10:29:50',0),(185,39,27,86.30,'2026-07-08 10:29:50','2026-07-08 10:29:50',0),(186,33,27,76.80,'2026-07-08 10:29:50','2026-07-08 10:29:50',0),(187,95,27,71.50,'2026-07-08 10:29:50','2026-07-08 10:29:50',0),(188,43,28,73.40,'2026-07-08 10:29:50','2026-07-08 10:29:50',0),(189,83,28,87.80,'2026-07-08 10:29:50','2026-07-08 10:29:50',0),(190,69,28,71.60,'2026-07-08 10:29:50','2026-07-08 10:29:50',0),(191,51,28,86.60,'2026-07-08 10:29:50','2026-07-08 10:29:50',0),(192,27,28,62.70,'2026-07-08 10:29:50','2026-07-08 10:29:50',0),(193,79,28,66.00,'2026-07-08 10:29:50','2026-07-08 10:29:50',0),(194,71,28,88.90,'2026-07-08 10:29:50','2026-07-08 10:29:50',0),(195,39,28,76.10,'2026-07-08 10:29:50','2026-07-08 10:29:50',0),(196,70,28,76.60,'2026-07-08 10:29:50','2026-07-08 10:29:50',0),(197,66,29,68.50,'2026-07-08 10:29:50','2026-07-08 10:29:50',0),(198,44,29,77.20,'2026-07-08 10:29:50','2026-07-08 10:29:50',0),(199,72,29,65.50,'2026-07-08 10:29:50','2026-07-08 10:29:50',0),(200,39,29,88.90,'2026-07-08 10:29:50','2026-07-08 10:29:50',0),(201,53,29,74.70,'2026-07-08 10:29:50','2026-07-08 10:29:50',0),(202,29,29,95.30,'2026-07-08 10:29:50','2026-07-08 10:29:50',0),(203,89,29,88.00,'2026-07-08 10:29:50','2026-07-08 10:29:50',0),(204,81,29,88.50,'2026-07-08 10:29:50','2026-07-08 10:29:50',0),(205,69,29,85.30,'2026-07-08 10:29:50','2026-07-08 10:29:50',0),(206,96,30,74.30,'2026-07-08 10:29:50','2026-07-08 10:29:50',0),(207,4,30,63.90,'2026-07-08 10:29:50','2026-07-08 10:29:50',0),(208,14,30,80.30,'2026-07-08 10:29:50','2026-07-08 10:29:50',0),(209,31,30,91.00,'2026-07-08 10:29:50','2026-07-08 10:29:50',0),(210,28,30,81.10,'2026-07-08 10:29:50','2026-07-08 10:29:50',0),(211,23,30,75.70,'2026-07-08 10:29:50','2026-07-08 10:29:50',0),(212,63,30,48.20,'2026-07-08 10:29:50','2026-07-08 10:29:50',0),(213,31,31,74.10,'2026-07-08 10:29:50','2026-07-08 10:29:50',0),(214,42,31,75.80,'2026-07-08 10:29:50','2026-07-08 10:29:50',0),(215,40,31,61.70,'2026-07-08 10:29:50','2026-07-08 10:29:50',0),(216,1,31,77.70,'2026-07-08 10:29:50','2026-07-08 10:29:50',0),(217,13,31,81.60,'2026-07-08 10:29:50','2026-07-08 10:29:50',0),(218,9,31,92.40,'2026-07-08 10:29:50','2026-07-08 10:29:50',0),(219,98,31,78.60,'2026-07-08 10:29:50','2026-07-08 10:29:50',0),(220,44,31,68.30,'2026-07-08 10:29:50','2026-07-08 10:29:50',0),(221,5,32,74.00,'2026-07-08 10:29:50','2026-07-08 10:29:50',0),(222,97,32,80.90,'2026-07-08 10:29:50','2026-07-08 10:29:50',0),(223,17,32,91.80,'2026-07-08 10:29:50','2026-07-08 10:29:50',0),(224,12,32,72.30,'2026-07-08 10:29:50','2026-07-08 10:29:50',0),(225,3,32,72.20,'2026-07-08 10:29:50','2026-07-08 10:29:50',0),(226,88,32,88.60,'2026-07-08 10:29:50','2026-07-08 10:29:50',0),(227,60,32,91.40,'2026-07-08 10:29:50','2026-07-08 10:29:50',0),(228,9,32,72.80,'2026-07-08 10:29:50','2026-07-08 10:29:50',0),(229,57,32,73.90,'2026-07-08 10:29:50','2026-07-08 10:29:50',0),(230,89,33,75.70,'2026-07-08 10:29:50','2026-07-08 10:29:50',0),(231,29,33,75.60,'2026-07-08 10:29:50','2026-07-08 10:29:50',0),(232,47,33,87.70,'2026-07-08 10:29:50','2026-07-08 10:29:50',0),(233,97,33,62.80,'2026-07-08 10:29:51','2026-07-08 10:29:51',0),(234,10,33,75.40,'2026-07-08 10:29:51','2026-07-08 10:29:51',0),(235,68,34,84.10,'2026-07-08 10:29:51','2026-07-08 10:29:51',0),(236,54,34,77.70,'2026-07-08 10:29:51','2026-07-08 10:29:51',0),(237,33,34,86.40,'2026-07-08 10:29:51','2026-07-08 10:29:51',0),(238,5,34,75.30,'2026-07-08 10:29:51','2026-07-08 10:29:51',0),(239,72,34,87.30,'2026-07-08 10:29:51','2026-07-08 10:29:51',0),(240,79,34,82.40,'2026-07-08 10:29:51','2026-07-08 10:29:51',0),(241,78,35,76.30,'2026-07-08 10:29:51','2026-07-08 10:29:51',0),(242,32,35,78.60,'2026-07-08 10:29:51','2026-07-08 10:29:51',0),(243,1,35,83.00,'2026-07-08 10:29:51','2026-07-08 10:29:51',0),(244,26,35,75.50,'2026-07-08 10:29:51','2026-07-08 10:29:51',0),(245,77,35,76.10,'2026-07-08 10:29:51','2026-07-08 10:29:51',0),(246,56,36,80.10,'2026-07-08 10:29:51','2026-07-08 10:29:51',0),(247,97,36,86.60,'2026-07-08 10:29:51','2026-07-08 10:29:51',0),(248,88,36,77.00,'2026-07-08 10:29:51','2026-07-08 10:29:51',0),(249,57,36,94.10,'2026-07-08 10:29:51','2026-07-08 10:29:51',0),(250,75,36,90.20,'2026-07-08 10:29:51','2026-07-08 10:29:51',0),(251,42,36,74.90,'2026-07-08 10:29:51','2026-07-08 10:29:51',0),(252,73,36,70.50,'2026-07-08 10:29:51','2026-07-08 10:29:51',0),(253,56,37,80.50,'2026-07-08 10:29:51','2026-07-08 10:29:51',0),(254,34,37,80.40,'2026-07-08 10:29:51','2026-07-08 10:29:51',0),(255,50,37,87.80,'2026-07-08 10:29:51','2026-07-08 10:29:51',0),(256,39,37,74.10,'2026-07-08 10:29:51','2026-07-08 10:29:51',0),(257,21,37,74.80,'2026-07-08 10:29:51','2026-07-08 10:29:51',0),(258,33,37,70.50,'2026-07-08 10:29:51','2026-07-08 10:29:51',0),(259,1,37,87.90,'2026-07-08 10:29:51','2026-07-08 10:29:51',0),(260,15,38,66.50,'2026-07-08 10:29:51','2026-07-08 10:29:51',0),(261,89,38,94.40,'2026-07-08 10:29:51','2026-07-08 10:29:51',0),(262,9,38,66.60,'2026-07-08 10:29:51','2026-07-08 10:29:51',0),(263,14,38,77.80,'2026-07-08 10:29:51','2026-07-08 10:29:51',0),(264,10,38,73.30,'2026-07-08 10:29:51','2026-07-08 10:29:51',0),(265,76,38,77.10,'2026-07-08 10:29:51','2026-07-08 10:29:51',0),(266,7,39,64.80,'2026-07-08 10:29:51','2026-07-08 10:29:51',0),(267,54,39,76.40,'2026-07-08 10:29:51','2026-07-08 10:29:51',0),(268,40,39,99.70,'2026-07-08 10:29:51','2026-07-08 10:29:51',0),(269,20,39,74.30,'2026-07-08 10:29:51','2026-07-08 10:29:51',0),(270,35,39,71.30,'2026-07-08 10:29:51','2026-07-08 10:29:51',0),(271,82,39,97.80,'2026-07-08 10:29:51','2026-07-08 10:29:51',0),(272,17,40,75.60,'2026-07-08 10:29:51','2026-07-08 10:29:51',0),(273,56,40,81.40,'2026-07-08 10:29:51','2026-07-08 10:29:51',0),(274,25,40,62.70,'2026-07-08 10:29:51','2026-07-08 10:29:51',0),(275,35,40,61.70,'2026-07-08 10:29:51','2026-07-08 10:29:51',0),(276,95,40,83.20,'2026-07-08 10:29:51','2026-07-08 10:29:51',0),(277,2,41,82.00,'2026-07-08 10:29:51','2026-07-08 10:29:51',0),(278,47,41,80.80,'2026-07-08 10:29:51','2026-07-08 10:29:51',0),(279,74,41,71.00,'2026-07-08 10:29:51','2026-07-08 10:29:51',0),(280,86,41,76.20,'2026-07-08 10:29:51','2026-07-08 10:29:51',0),(281,12,41,73.10,'2026-07-08 10:29:51','2026-07-08 10:29:51',0),(282,12,42,82.30,'2026-07-08 10:29:51','2026-07-08 10:29:51',0),(283,20,42,73.30,'2026-07-08 10:29:51','2026-07-08 10:29:51',0),(284,25,42,81.60,'2026-07-08 10:29:51','2026-07-08 10:29:51',0),(285,71,42,80.60,'2026-07-08 10:29:51','2026-07-08 10:29:51',0),(286,33,42,71.20,'2026-07-08 10:29:51','2026-07-08 10:29:51',0),(287,88,42,53.20,'2026-07-08 10:29:51','2026-07-08 10:29:51',0),(288,7,43,61.40,'2026-07-08 10:29:51','2026-07-08 10:29:51',0),(289,72,43,78.00,'2026-07-08 10:29:51','2026-07-08 10:29:51',0),(290,45,43,66.40,'2026-07-08 10:29:51','2026-07-08 10:29:51',0),(291,29,43,81.10,'2026-07-08 10:29:51','2026-07-08 10:29:51',0),(292,12,43,53.80,'2026-07-08 10:29:51','2026-07-08 10:29:51',0),(293,36,43,93.20,'2026-07-08 10:29:51','2026-07-08 10:29:51',0),(294,61,43,88.70,'2026-07-08 10:29:51','2026-07-08 10:29:51',0),(295,82,43,77.50,'2026-07-08 10:29:51','2026-07-08 10:29:51',0),(296,5,43,62.60,'2026-07-08 10:29:51','2026-07-08 10:29:51',0),(297,12,44,60.80,'2026-07-08 10:29:51','2026-07-08 10:29:51',0),(298,26,44,74.70,'2026-07-08 10:29:51','2026-07-08 10:29:51',0),(299,84,44,73.00,'2026-07-08 10:29:51','2026-07-08 10:29:51',0),(300,70,44,72.00,'2026-07-08 10:29:51','2026-07-08 10:29:51',0),(301,2,44,86.10,'2026-07-08 10:29:51','2026-07-08 10:29:51',0),(302,4,44,78.40,'2026-07-08 10:29:51','2026-07-08 10:29:51',0),(303,41,44,73.90,'2026-07-08 10:29:51','2026-07-08 10:29:51',0),(304,81,44,73.10,'2026-07-08 10:29:51','2026-07-08 10:29:51',0),(305,26,45,74.80,'2026-07-08 10:29:51','2026-07-08 10:29:51',0),(306,70,45,75.70,'2026-07-08 10:29:51','2026-07-08 10:29:51',0),(307,33,45,67.10,'2026-07-08 10:29:51','2026-07-08 10:29:51',0),(308,72,45,78.40,'2026-07-08 10:29:51','2026-07-08 10:29:51',0),(309,82,45,96.00,'2026-07-08 10:29:51','2026-07-08 10:29:51',0),(310,68,45,77.80,'2026-07-08 10:29:51','2026-07-08 10:29:51',0),(311,45,45,71.10,'2026-07-08 10:29:51','2026-07-08 10:29:51',0),(312,16,46,81.90,'2026-07-08 10:29:51','2026-07-08 10:29:51',0),(313,34,46,30.30,'2026-07-08 10:29:51','2026-07-08 10:29:51',0),(314,32,46,99.70,'2026-07-08 10:29:51','2026-07-08 10:29:51',0),(315,5,46,71.60,'2026-07-08 10:29:51','2026-07-08 10:29:51',0),(316,29,46,68.50,'2026-07-08 10:29:51','2026-07-08 10:29:51',0),(317,83,46,81.80,'2026-07-08 10:29:51','2026-07-08 10:29:51',0),(318,27,46,71.60,'2026-07-08 10:29:51','2026-07-08 10:29:51',0),(319,37,47,67.90,'2026-07-08 10:29:51','2026-07-08 10:29:51',0),(320,5,47,76.60,'2026-07-08 10:29:51','2026-07-08 10:29:51',0),(321,56,47,76.30,'2026-07-08 10:29:51','2026-07-08 10:29:51',0),(322,72,47,77.00,'2026-07-08 10:29:51','2026-07-08 10:29:51',0),(323,26,47,36.90,'2026-07-08 10:29:51','2026-07-08 10:29:51',0),(324,12,47,66.70,'2026-07-08 10:29:51','2026-07-08 10:29:51',0),(325,51,47,74.90,'2026-07-08 10:29:51','2026-07-08 10:29:51',0),(326,49,47,66.70,'2026-07-08 10:29:51','2026-07-08 10:29:51',0),(327,11,48,82.80,'2026-07-08 10:29:51','2026-07-08 10:29:51',0),(328,59,48,77.60,'2026-07-08 10:29:51','2026-07-08 10:29:51',0),(329,23,48,92.70,'2026-07-08 10:29:51','2026-07-08 10:29:51',0),(330,29,48,55.70,'2026-07-08 10:29:51','2026-07-08 10:29:51',0),(331,12,48,80.80,'2026-07-08 10:29:51','2026-07-08 10:29:51',0),(332,100,48,98.30,'2026-07-08 10:29:51','2026-07-08 10:29:51',0),(333,44,49,73.80,'2026-07-08 10:29:51','2026-07-08 10:29:51',0),(334,90,49,86.20,'2026-07-08 10:29:51','2026-07-08 10:29:51',0),(335,9,49,80.50,'2026-07-08 10:29:51','2026-07-08 10:29:51',0),(336,98,49,62.20,'2026-07-08 10:29:51','2026-07-08 10:29:51',0),(337,50,49,85.20,'2026-07-08 10:29:51','2026-07-08 10:29:51',0),(338,68,49,82.00,'2026-07-08 10:29:51','2026-07-08 10:29:51',0),(339,66,49,72.40,'2026-07-08 10:29:51','2026-07-08 10:29:51',0),(340,56,49,78.20,'2026-07-08 10:29:51','2026-07-08 10:29:51',0),(341,36,50,71.20,'2026-07-08 10:29:51','2026-07-08 10:29:51',0),(342,100,50,63.60,'2026-07-08 10:29:51','2026-07-08 10:29:51',0),(343,62,50,88.70,'2026-07-08 10:29:51','2026-07-08 10:29:51',0),(344,59,50,73.60,'2026-07-08 10:29:51','2026-07-08 10:29:51',0),(345,67,50,70.10,'2026-07-08 10:29:51','2026-07-08 10:29:51',0),(346,97,50,70.60,'2026-07-08 10:29:51','2026-07-08 10:29:51',0),(347,92,50,68.80,'2026-07-08 10:29:51','2026-07-08 10:29:51',0),(348,95,50,93.10,'2026-07-08 10:29:51','2026-07-08 10:29:51',0),(349,10,50,80.20,'2026-07-08 10:29:51','2026-07-08 10:29:51',0),(350,99,51,71.80,'2026-07-08 10:29:51','2026-07-08 10:29:51',0),(351,3,51,61.40,'2026-07-08 10:29:51','2026-07-08 10:29:51',0),(352,76,51,82.00,'2026-07-08 10:29:51','2026-07-08 10:29:51',0),(353,14,51,80.30,'2026-07-08 10:29:51','2026-07-08 10:29:51',0),(354,57,51,95.30,'2026-07-08 10:29:51','2026-07-08 10:29:51',0),(355,62,52,68.10,'2026-07-08 10:29:51','2026-07-08 10:29:51',0),(356,57,52,82.10,'2026-07-08 10:29:51','2026-07-08 10:29:51',0),(357,89,52,90.10,'2026-07-08 10:29:51','2026-07-08 10:29:51',0),(358,68,52,95.10,'2026-07-08 10:29:51','2026-07-08 10:29:51',0),(359,99,52,60.40,'2026-07-08 10:29:51','2026-07-08 10:29:51',0),(360,13,52,85.70,'2026-07-08 10:29:51','2026-07-08 10:29:51',0),(361,54,52,90.10,'2026-07-08 10:29:51','2026-07-08 10:29:51',0),(362,21,52,81.80,'2026-07-08 10:29:51','2026-07-08 10:29:51',0),(363,52,52,70.80,'2026-07-08 10:29:51','2026-07-08 10:29:51',0),(364,64,53,100.00,'2026-07-08 10:29:51','2026-07-08 10:29:51',0),(365,13,53,70.40,'2026-07-08 10:29:51','2026-07-08 10:29:51',0),(366,44,53,77.00,'2026-07-08 10:29:51','2026-07-08 10:29:51',0),(367,45,53,77.80,'2026-07-08 10:29:51','2026-07-08 10:29:51',0),(368,23,53,70.20,'2026-07-08 10:29:51','2026-07-08 10:29:51',0),(369,76,53,84.50,'2026-07-08 10:29:51','2026-07-08 10:29:51',0),(370,32,53,75.30,'2026-07-08 10:29:51','2026-07-08 10:29:51',0),(371,6,53,71.80,'2026-07-08 10:29:51','2026-07-08 10:29:51',0),(372,9,54,71.10,'2026-07-08 10:29:51','2026-07-08 10:29:51',0),(373,95,54,71.10,'2026-07-08 10:29:51','2026-07-08 10:29:51',0),(374,25,54,67.70,'2026-07-08 10:29:51','2026-07-08 10:29:51',0),(375,26,54,71.00,'2026-07-08 10:29:51','2026-07-08 10:29:51',0),(376,63,54,84.40,'2026-07-08 10:29:51','2026-07-08 10:29:51',0),(377,8,54,94.00,'2026-07-08 10:29:51','2026-07-08 10:29:51',0),(378,17,54,62.80,'2026-07-08 10:29:51','2026-07-08 10:29:51',0),(379,88,54,72.80,'2026-07-08 10:29:51','2026-07-08 10:29:51',0),(380,13,54,78.70,'2026-07-08 10:29:51','2026-07-08 10:29:51',0),(381,43,55,88.10,'2026-07-08 10:29:51','2026-07-08 10:29:51',0),(382,13,55,84.20,'2026-07-08 10:29:51','2026-07-08 10:29:51',0),(383,51,55,86.50,'2026-07-08 10:29:51','2026-07-08 10:29:51',0),(384,64,55,81.10,'2026-07-08 10:29:51','2026-07-08 10:29:51',0),(385,54,55,68.00,'2026-07-08 10:29:51','2026-07-08 10:29:51',0),(386,67,55,50.50,'2026-07-08 10:29:51','2026-07-08 10:29:51',0),(387,34,56,78.90,'2026-07-08 10:29:51','2026-07-08 10:29:51',0),(388,29,56,67.10,'2026-07-08 10:29:51','2026-07-08 10:29:51',0),(389,96,56,84.70,'2026-07-08 10:29:51','2026-07-08 10:29:51',0),(390,53,56,68.40,'2026-07-08 10:29:51','2026-07-08 10:29:51',0),(391,51,56,72.80,'2026-07-08 10:29:51','2026-07-08 10:29:51',0),(392,20,56,70.20,'2026-07-08 10:29:51','2026-07-08 10:29:51',0),(393,67,56,83.60,'2026-07-08 10:29:51','2026-07-08 10:29:51',0),(394,12,56,78.50,'2026-07-08 10:29:51','2026-07-08 10:29:51',0),(395,88,57,90.60,'2026-07-08 10:29:51','2026-07-08 10:29:51',0),(396,77,57,33.50,'2026-07-08 10:29:51','2026-07-08 10:29:51',0),(397,82,57,47.10,'2026-07-08 10:29:51','2026-07-08 10:29:51',0),(398,90,57,70.10,'2026-07-08 10:29:51','2026-07-08 10:29:51',0),(399,47,57,81.10,'2026-07-08 10:29:51','2026-07-08 10:29:51',0),(400,7,58,78.00,'2026-07-08 10:29:51','2026-07-08 10:29:51',0),(401,14,58,78.50,'2026-07-08 10:29:51','2026-07-08 10:29:51',0),(402,30,58,43.60,'2026-07-08 10:29:51','2026-07-08 10:29:51',0),(403,96,58,67.20,'2026-07-08 10:29:51','2026-07-08 10:29:51',0),(404,81,58,63.60,'2026-07-08 10:29:51','2026-07-08 10:29:51',0),(405,19,58,95.10,'2026-07-08 10:29:51','2026-07-08 10:29:51',0),(406,44,58,98.60,'2026-07-08 10:29:51','2026-07-08 10:29:51',0),(407,23,58,71.00,'2026-07-08 10:29:51','2026-07-08 10:29:51',0),(408,50,58,95.30,'2026-07-08 10:29:51','2026-07-08 10:29:51',0),(409,52,59,83.60,'2026-07-08 10:29:51','2026-07-08 10:29:51',0),(410,8,59,75.20,'2026-07-08 10:29:51','2026-07-08 10:29:51',0),(411,59,59,73.00,'2026-07-08 10:29:51','2026-07-08 10:29:51',0),(412,6,59,81.10,'2026-07-08 10:29:51','2026-07-08 10:29:51',0),(413,3,59,83.60,'2026-07-08 10:29:51','2026-07-08 10:29:51',0),(414,12,59,82.90,'2026-07-08 10:29:51','2026-07-08 10:29:51',0),(415,17,59,98.70,'2026-07-08 10:29:51','2026-07-08 10:29:51',0),(416,16,60,70.60,'2026-07-08 10:29:51','2026-07-08 10:29:51',0),(417,7,60,77.90,'2026-07-08 10:29:51','2026-07-08 10:29:51',0),(418,94,60,78.60,'2026-07-08 10:29:51','2026-07-08 10:29:51',0),(419,21,60,86.90,'2026-07-08 10:29:51','2026-07-08 10:29:51',0),(420,56,60,62.00,'2026-07-08 10:29:51','2026-07-08 10:29:51',0),(421,25,60,70.70,'2026-07-08 10:29:51','2026-07-08 10:29:51',0),(422,12,60,83.30,'2026-07-08 10:29:51','2026-07-08 10:29:51',0),(423,72,61,83.50,'2026-07-08 10:29:51','2026-07-08 10:29:51',0),(424,84,61,99.20,'2026-07-08 10:29:51','2026-07-08 10:29:51',0),(425,53,61,61.30,'2026-07-08 10:29:51','2026-07-08 10:29:51',0),(426,70,61,81.40,'2026-07-08 10:29:51','2026-07-08 10:29:51',0),(427,3,61,81.40,'2026-07-08 10:29:51','2026-07-08 10:29:51',0),(428,99,61,86.50,'2026-07-08 10:29:51','2026-07-08 10:29:51',0),(429,14,61,95.30,'2026-07-08 10:29:51','2026-07-08 10:29:51',0),(430,42,61,85.90,'2026-07-08 10:29:51','2026-07-08 10:29:51',0),(431,33,61,67.30,'2026-07-08 10:29:51','2026-07-08 10:29:51',0),(432,37,62,68.90,'2026-07-08 10:29:51','2026-07-08 10:29:51',0),(433,15,62,75.70,'2026-07-08 10:29:51','2026-07-08 10:29:51',0),(434,73,62,63.40,'2026-07-08 10:29:51','2026-07-08 10:29:51',0),(435,3,62,81.00,'2026-07-08 10:29:51','2026-07-08 10:29:51',0),(436,68,62,71.70,'2026-07-08 10:29:51','2026-07-08 10:29:51',0),(437,18,62,66.30,'2026-07-08 10:29:51','2026-07-08 10:29:51',0),(438,86,63,80.10,'2026-07-08 10:29:51','2026-07-08 10:29:51',0),(439,89,63,81.50,'2026-07-08 10:29:51','2026-07-08 10:29:51',0),(440,49,63,64.70,'2026-07-08 10:29:51','2026-07-08 10:29:51',0),(441,27,63,86.10,'2026-07-08 10:29:51','2026-07-08 10:29:51',0),(442,63,63,86.80,'2026-07-08 10:29:51','2026-07-08 10:29:51',0),(443,69,63,77.50,'2026-07-08 10:29:51','2026-07-08 10:29:51',0),(444,60,63,97.10,'2026-07-08 10:29:51','2026-07-08 10:29:51',0),(445,51,63,78.10,'2026-07-08 10:29:51','2026-07-08 10:29:51',0),(446,6,63,74.40,'2026-07-08 10:29:51','2026-07-08 10:29:51',0),(447,94,64,72.00,'2026-07-08 10:29:51','2026-07-08 10:29:51',0),(448,81,64,86.50,'2026-07-08 10:29:51','2026-07-08 10:29:51',0),(449,57,64,73.10,'2026-07-08 10:29:51','2026-07-08 10:29:51',0),(450,52,64,83.50,'2026-07-08 10:29:51','2026-07-08 10:29:51',0),(451,6,64,60.10,'2026-07-08 10:29:51','2026-07-08 10:29:51',0),(452,36,64,73.00,'2026-07-08 10:29:51','2026-07-08 10:29:51',0),(453,96,64,82.00,'2026-07-08 10:29:51','2026-07-08 10:29:51',0),(454,66,65,74.40,'2026-07-08 10:29:51','2026-07-08 10:29:51',0),(455,60,65,85.60,'2026-07-08 10:29:51','2026-07-08 10:29:51',0),(456,87,65,63.60,'2026-07-08 10:29:51','2026-07-08 10:29:51',0),(457,78,65,83.60,'2026-07-08 10:29:51','2026-07-08 10:29:51',0),(458,12,65,77.30,'2026-07-08 10:29:51','2026-07-08 10:29:51',0),(459,50,65,92.40,'2026-07-08 10:29:51','2026-07-08 10:29:51',0),(460,4,66,63.50,'2026-07-08 10:29:51','2026-07-08 10:29:51',0),(461,41,66,70.00,'2026-07-08 10:29:51','2026-07-08 10:29:51',0),(462,54,66,84.50,'2026-07-08 10:29:51','2026-07-08 10:29:51',0),(463,70,66,63.20,'2026-07-08 10:29:51','2026-07-08 10:29:51',0),(464,32,66,72.70,'2026-07-08 10:29:51','2026-07-08 10:29:51',0),(465,17,66,95.60,'2026-07-08 10:29:51','2026-07-08 10:29:51',0),(466,6,67,60.30,'2026-07-08 10:29:51','2026-07-08 10:29:51',0),(467,85,67,78.00,'2026-07-08 10:29:51','2026-07-08 10:29:51',0),(468,32,67,73.00,'2026-07-08 10:29:51','2026-07-08 10:29:51',0),(469,74,67,79.00,'2026-07-08 10:29:51','2026-07-08 10:29:51',0),(470,56,67,70.80,'2026-07-08 10:29:51','2026-07-08 10:29:51',0),(471,12,67,97.80,'2026-07-08 10:29:51','2026-07-08 10:29:51',0),(472,77,68,61.50,'2026-07-08 10:29:51','2026-07-08 10:29:51',0),(473,64,68,94.90,'2026-07-08 10:29:51','2026-07-08 10:29:51',0),(474,53,68,65.70,'2026-07-08 10:29:51','2026-07-08 10:29:51',0),(475,86,68,68.60,'2026-07-08 10:29:51','2026-07-08 10:29:51',0),(476,3,68,85.60,'2026-07-08 10:29:51','2026-07-08 10:29:51',0),(477,4,68,81.70,'2026-07-08 10:29:51','2026-07-08 10:29:51',0),(478,23,68,71.30,'2026-07-08 10:29:51','2026-07-08 10:29:51',0),(479,97,68,76.60,'2026-07-08 10:29:51','2026-07-08 10:29:51',0),(480,66,68,62.50,'2026-07-08 10:29:51','2026-07-08 10:29:51',0),(481,28,69,63.50,'2026-07-08 10:29:51','2026-07-08 10:29:51',0),(482,9,69,85.70,'2026-07-08 10:29:51','2026-07-08 10:29:51',0),(483,60,69,86.30,'2026-07-08 10:29:51','2026-07-08 10:29:51',0),(484,100,69,64.00,'2026-07-08 10:29:51','2026-07-08 10:29:51',0),(485,57,69,82.60,'2026-07-08 10:29:51','2026-07-08 10:29:51',0),(486,35,69,77.50,'2026-07-08 10:29:51','2026-07-08 10:29:51',0),(487,5,69,89.00,'2026-07-08 10:29:51','2026-07-08 10:29:51',0),(488,39,70,77.80,'2026-07-08 10:29:51','2026-07-08 10:29:51',0),(489,57,70,99.20,'2026-07-08 10:29:51','2026-07-08 10:29:51',0),(490,83,70,77.20,'2026-07-08 10:29:51','2026-07-08 10:29:51',0),(491,78,70,80.70,'2026-07-08 10:29:51','2026-07-08 10:29:51',0),(492,85,70,76.30,'2026-07-08 10:29:51','2026-07-08 10:29:51',0),(493,51,70,78.50,'2026-07-08 10:29:51','2026-07-08 10:29:51',0),(494,18,70,87.90,'2026-07-08 10:29:51','2026-07-08 10:29:51',0),(495,12,71,88.40,'2026-07-08 10:29:51','2026-07-08 10:29:51',0),(496,29,71,96.60,'2026-07-08 10:29:51','2026-07-08 10:29:51',0),(497,68,71,66.00,'2026-07-08 10:29:51','2026-07-08 10:29:51',0),(498,25,71,76.90,'2026-07-08 10:29:51','2026-07-08 10:29:51',0),(499,99,71,85.50,'2026-07-08 10:29:51','2026-07-08 10:29:51',0),(500,16,71,92.90,'2026-07-08 10:29:51','2026-07-08 10:29:51',0),(501,23,71,88.60,'2026-07-08 10:29:51','2026-07-08 10:29:51',0),(502,73,71,74.50,'2026-07-08 10:29:51','2026-07-08 10:29:51',0),(503,13,72,77.20,'2026-07-08 10:29:51','2026-07-08 10:29:51',0),(504,63,72,78.00,'2026-07-08 10:29:51','2026-07-08 10:29:51',0),(505,90,72,80.00,'2026-07-08 10:29:51','2026-07-08 10:29:51',0),(506,52,72,60.70,'2026-07-08 10:29:51','2026-07-08 10:29:51',0),(507,28,72,88.60,'2026-07-08 10:29:51','2026-07-08 10:29:51',0),(508,38,72,80.30,'2026-07-08 10:29:51','2026-07-08 10:29:51',0),(509,42,72,63.90,'2026-07-08 10:29:51','2026-07-08 10:29:51',0),(510,20,72,85.70,'2026-07-08 10:29:51','2026-07-08 10:29:51',0),(511,43,73,84.70,'2026-07-08 10:29:51','2026-07-08 10:29:51',0),(512,95,73,82.60,'2026-07-08 10:29:51','2026-07-08 10:29:51',0),(513,98,73,80.00,'2026-07-08 10:29:51','2026-07-08 10:29:51',0),(514,6,73,82.10,'2026-07-08 10:29:51','2026-07-08 10:29:51',0),(515,4,73,73.40,'2026-07-08 10:29:51','2026-07-08 10:29:51',0),(516,59,73,97.70,'2026-07-08 10:29:51','2026-07-08 10:29:51',0),(517,81,73,97.10,'2026-07-08 10:29:51','2026-07-08 10:29:51',0),(518,60,74,67.00,'2026-07-08 10:29:51','2026-07-08 10:29:51',0),(519,66,74,63.80,'2026-07-08 10:29:51','2026-07-08 10:29:51',0),(520,94,74,60.10,'2026-07-08 10:29:51','2026-07-08 10:29:51',0),(521,10,74,95.80,'2026-07-08 10:29:51','2026-07-08 10:29:51',0),(522,78,74,54.10,'2026-07-08 10:29:51','2026-07-08 10:29:51',0),(523,43,74,78.50,'2026-07-08 10:29:51','2026-07-08 10:29:51',0),(524,40,75,86.00,'2026-07-08 10:29:51','2026-07-08 10:29:51',0),(525,49,75,75.70,'2026-07-08 10:29:51','2026-07-08 10:29:51',0),(526,9,75,70.40,'2026-07-08 10:29:51','2026-07-08 10:29:51',0),(527,47,75,82.60,'2026-07-08 10:29:51','2026-07-08 10:29:51',0),(528,14,75,60.40,'2026-07-08 10:29:51','2026-07-08 10:29:51',0),(529,46,75,77.20,'2026-07-08 10:29:51','2026-07-08 10:29:51',0),(530,63,75,85.90,'2026-07-08 10:29:51','2026-07-08 10:29:51',0),(531,71,76,95.90,'2026-07-08 10:29:51','2026-07-08 10:29:51',0),(532,83,76,87.90,'2026-07-08 10:29:51','2026-07-08 10:29:51',0),(533,65,76,71.60,'2026-07-08 10:29:51','2026-07-08 10:29:51',0),(534,33,76,72.10,'2026-07-08 10:29:51','2026-07-08 10:29:51',0),(535,95,76,75.80,'2026-07-08 10:29:51','2026-07-08 10:29:51',0),(536,73,77,82.70,'2026-07-08 10:29:51','2026-07-08 10:29:51',0),(537,41,77,64.60,'2026-07-08 10:29:51','2026-07-08 10:29:51',0),(538,13,77,82.40,'2026-07-08 10:29:51','2026-07-08 10:29:51',0),(539,54,77,70.40,'2026-07-08 10:29:51','2026-07-08 10:29:51',0),(540,68,77,83.30,'2026-07-08 10:29:51','2026-07-08 10:29:51',0),(541,42,77,68.20,'2026-07-08 10:29:51','2026-07-08 10:29:51',0),(542,37,77,77.00,'2026-07-08 10:29:51','2026-07-08 10:29:51',0),(543,19,77,71.60,'2026-07-08 10:29:51','2026-07-08 10:29:51',0),(544,42,78,80.30,'2026-07-08 10:29:51','2026-07-08 10:29:51',0),(545,99,78,80.70,'2026-07-08 10:29:51','2026-07-08 10:29:51',0),(546,56,78,87.10,'2026-07-08 10:29:51','2026-07-08 10:29:51',0),(547,10,78,95.90,'2026-07-08 10:29:51','2026-07-08 10:29:51',0),(548,67,78,83.70,'2026-07-08 10:29:51','2026-07-08 10:29:51',0),(549,54,78,85.60,'2026-07-08 10:29:51','2026-07-08 10:29:51',0),(550,21,78,75.80,'2026-07-08 10:29:51','2026-07-08 10:29:51',0),(551,32,79,80.30,'2026-07-08 10:29:51','2026-07-08 10:29:51',0),(552,10,79,84.10,'2026-07-08 10:29:51','2026-07-08 10:29:51',0),(553,60,79,86.10,'2026-07-08 10:29:51','2026-07-08 10:29:51',0),(554,79,79,74.70,'2026-07-08 10:29:51','2026-07-08 10:29:51',0),(555,11,79,75.10,'2026-07-08 10:29:51','2026-07-08 10:29:51',0),(556,35,79,72.80,'2026-07-08 10:29:51','2026-07-08 10:29:51',0),(557,10,80,99.10,'2026-07-08 10:29:51','2026-07-08 10:29:51',0),(558,67,80,75.70,'2026-07-08 10:29:51','2026-07-08 10:29:51',0),(559,56,80,72.00,'2026-07-08 10:29:51','2026-07-08 10:29:51',0),(560,9,80,35.50,'2026-07-08 10:29:51','2026-07-08 10:29:51',0),(561,30,80,77.70,'2026-07-08 10:29:51','2026-07-08 10:29:51',0),(562,84,80,82.50,'2026-07-08 10:29:51','2026-07-08 10:29:51',0),(563,33,80,76.80,'2026-07-08 10:29:51','2026-07-08 10:29:51',0),(564,8,81,61.30,'2026-07-08 10:29:51','2026-07-08 10:29:51',0),(565,94,81,76.30,'2026-07-08 10:29:51','2026-07-08 10:29:51',0),(566,57,81,80.70,'2026-07-08 10:29:51','2026-07-08 10:29:51',0),(567,98,81,68.90,'2026-07-08 10:29:51','2026-07-08 10:29:51',0),(568,45,81,60.10,'2026-07-08 10:29:51','2026-07-08 10:29:51',0),(569,49,81,72.40,'2026-07-08 10:29:51','2026-07-08 10:29:51',0),(570,69,81,85.00,'2026-07-08 10:29:51','2026-07-08 10:29:51',0),(571,15,81,66.10,'2026-07-08 10:29:51','2026-07-08 10:29:51',0),(572,98,82,74.40,'2026-07-08 10:29:51','2026-07-08 10:29:51',0),(573,79,82,85.20,'2026-07-08 10:29:51','2026-07-08 10:29:51',0),(574,87,82,52.40,'2026-07-08 10:29:51','2026-07-08 10:29:51',0),(575,57,82,85.30,'2026-07-08 10:29:51','2026-07-08 10:29:51',0),(576,69,82,78.10,'2026-07-08 10:29:51','2026-07-08 10:29:51',0),(577,9,82,84.40,'2026-07-08 10:29:51','2026-07-08 10:29:51',0),(578,63,82,70.10,'2026-07-08 10:29:51','2026-07-08 10:29:51',0),(579,49,82,88.70,'2026-07-08 10:29:51','2026-07-08 10:29:51',0),(580,83,83,66.70,'2026-07-08 10:29:51','2026-07-08 10:29:51',0),(581,68,83,74.40,'2026-07-08 10:29:51','2026-07-08 10:29:51',0),(582,25,83,76.50,'2026-07-08 10:29:51','2026-07-08 10:29:51',0),(583,12,83,71.70,'2026-07-08 10:29:51','2026-07-08 10:29:51',0),(584,86,83,81.70,'2026-07-08 10:29:51','2026-07-08 10:29:51',0),(585,90,83,77.90,'2026-07-08 10:29:51','2026-07-08 10:29:51',0),(586,87,83,74.40,'2026-07-08 10:29:51','2026-07-08 10:29:51',0),(587,67,84,95.70,'2026-07-08 10:29:51','2026-07-08 10:29:51',0),(588,26,84,77.50,'2026-07-08 10:29:51','2026-07-08 10:29:51',0),(589,53,84,71.80,'2026-07-08 10:29:51','2026-07-08 10:29:51',0),(590,82,84,83.10,'2026-07-08 10:29:51','2026-07-08 10:29:51',0),(591,36,84,80.40,'2026-07-08 10:29:51','2026-07-08 10:29:51',0),(592,6,84,64.20,'2026-07-08 10:29:51','2026-07-08 10:29:51',0),(593,18,84,53.20,'2026-07-08 10:29:51','2026-07-08 10:29:51',0),(594,46,85,75.20,'2026-07-08 10:29:51','2026-07-08 10:29:51',0),(595,61,85,61.90,'2026-07-08 10:29:51','2026-07-08 10:29:51',0),(596,76,85,74.80,'2026-07-08 10:29:51','2026-07-08 10:29:51',0),(597,12,85,80.80,'2026-07-08 10:29:51','2026-07-08 10:29:51',0),(598,4,85,78.20,'2026-07-08 10:29:51','2026-07-08 10:29:51',0),(599,15,85,81.10,'2026-07-08 10:29:51','2026-07-08 10:29:51',0),(600,50,85,71.90,'2026-07-08 10:29:51','2026-07-08 10:29:51',0),(601,16,86,74.10,'2026-07-08 10:29:51','2026-07-08 10:29:51',0),(602,42,86,74.30,'2026-07-08 10:29:51','2026-07-08 10:29:51',0),(603,74,86,66.30,'2026-07-08 10:29:51','2026-07-08 10:29:51',0),(604,27,86,80.70,'2026-07-08 10:29:51','2026-07-08 10:29:51',0),(605,64,86,35.70,'2026-07-08 10:29:51','2026-07-08 10:29:51',0),(606,12,87,57.30,'2026-07-08 10:29:51','2026-07-08 10:29:51',0),(607,97,87,71.00,'2026-07-08 10:29:51','2026-07-08 10:29:51',0),(608,35,87,84.00,'2026-07-08 10:29:51','2026-07-08 10:29:51',0),(609,48,87,87.80,'2026-07-08 10:29:51','2026-07-08 10:29:51',0),(610,18,87,92.20,'2026-07-08 10:29:51','2026-07-08 10:29:51',0),(611,74,88,72.80,'2026-07-08 10:29:51','2026-07-08 10:29:51',0),(612,100,88,67.40,'2026-07-08 10:29:51','2026-07-08 10:29:51',0),(613,54,88,68.60,'2026-07-08 10:29:51','2026-07-08 10:29:51',0),(614,36,88,61.80,'2026-07-08 10:29:51','2026-07-08 10:29:51',0),(615,23,88,77.90,'2026-07-08 10:29:51','2026-07-08 10:29:51',0),(616,98,89,72.50,'2026-07-08 10:29:51','2026-07-08 10:29:51',0),(617,27,89,72.60,'2026-07-08 10:29:51','2026-07-08 10:29:51',0),(618,66,89,72.90,'2026-07-08 10:29:51','2026-07-08 10:29:51',0),(619,13,89,73.60,'2026-07-08 10:29:51','2026-07-08 10:29:51',0),(620,82,89,64.20,'2026-07-08 10:29:51','2026-07-08 10:29:51',0),(621,38,89,40.50,'2026-07-08 10:29:51','2026-07-08 10:29:51',0),(622,90,89,30.70,'2026-07-08 10:29:51','2026-07-08 10:29:51',0),(623,79,89,72.70,'2026-07-08 10:29:51','2026-07-08 10:29:51',0),(624,43,89,83.30,'2026-07-08 10:29:51','2026-07-08 10:29:51',0),(625,11,90,88.10,'2026-07-08 10:29:51','2026-07-08 10:29:51',0),(626,87,90,79.00,'2026-07-08 10:29:51','2026-07-08 10:29:51',0),(627,88,90,73.20,'2026-07-08 10:29:51','2026-07-08 10:29:51',0),(628,92,90,65.50,'2026-07-08 10:29:51','2026-07-08 10:29:51',0),(629,50,90,94.70,'2026-07-08 10:29:51','2026-07-08 10:29:51',0),(630,7,91,63.60,'2026-07-08 10:29:51','2026-07-08 10:29:51',0),(631,92,91,72.70,'2026-07-08 10:29:51','2026-07-08 10:29:51',0),(632,47,91,93.50,'2026-07-08 10:29:51','2026-07-08 10:29:51',0),(633,19,91,48.30,'2026-07-08 10:29:51','2026-07-08 10:29:51',0),(634,70,91,80.20,'2026-07-08 10:29:51','2026-07-08 10:29:51',0),(635,57,92,68.70,'2026-07-08 10:29:51','2026-07-08 10:29:51',0),(636,9,92,71.60,'2026-07-08 10:29:51','2026-07-08 10:29:51',0),(637,40,92,87.60,'2026-07-08 10:29:51','2026-07-08 10:29:51',0),(638,50,92,74.70,'2026-07-08 10:29:51','2026-07-08 10:29:51',0),(639,42,92,88.40,'2026-07-08 10:29:51','2026-07-08 10:29:51',0),(640,20,93,64.70,'2026-07-08 10:29:51','2026-07-08 10:29:51',0),(641,52,93,72.00,'2026-07-08 10:29:51','2026-07-08 10:29:51',0),(642,92,93,72.40,'2026-07-08 10:29:51','2026-07-08 10:29:51',0),(643,44,93,99.90,'2026-07-08 10:29:51','2026-07-08 10:29:51',0),(644,33,93,65.30,'2026-07-08 10:29:51','2026-07-08 10:29:51',0),(645,79,93,76.20,'2026-07-08 10:29:51','2026-07-08 10:29:51',0),(646,79,94,87.90,'2026-07-08 10:29:51','2026-07-08 10:29:51',0),(647,17,94,87.50,'2026-07-08 10:29:51','2026-07-08 10:29:51',0),(648,19,94,72.60,'2026-07-08 10:29:51','2026-07-08 10:29:51',0),(649,57,94,86.00,'2026-07-08 10:29:51','2026-07-08 10:29:51',0),(650,48,94,99.60,'2026-07-08 10:29:51','2026-07-08 10:29:51',0),(651,41,95,78.50,'2026-07-08 10:29:51','2026-07-08 10:29:51',0),(652,94,95,74.20,'2026-07-08 10:29:51','2026-07-08 10:29:51',0),(653,47,95,71.70,'2026-07-08 10:29:51','2026-07-08 10:29:51',0),(654,33,95,75.70,'2026-07-08 10:29:51','2026-07-08 10:29:51',0),(655,82,95,74.00,'2026-07-08 10:29:51','2026-07-08 10:29:51',0),(656,25,95,92.50,'2026-07-08 10:29:51','2026-07-08 10:29:51',0),(657,95,95,87.70,'2026-07-08 10:29:51','2026-07-08 10:29:51',0),(658,78,95,70.10,'2026-07-08 10:29:51','2026-07-08 10:29:51',0),(659,12,95,76.90,'2026-07-08 10:29:51','2026-07-08 10:29:51',0),(660,42,96,65.00,'2026-07-08 10:29:51','2026-07-08 10:29:51',0),(661,94,96,77.70,'2026-07-08 10:29:51','2026-07-08 10:29:51',0),(662,97,96,71.00,'2026-07-08 10:29:51','2026-07-08 10:29:51',0),(663,15,96,85.20,'2026-07-08 10:29:51','2026-07-08 10:29:51',0),(664,88,96,78.40,'2026-07-08 10:29:51','2026-07-08 10:29:51',0),(665,44,97,97.40,'2026-07-08 10:29:51','2026-07-08 10:29:51',0),(666,61,97,84.50,'2026-07-08 10:29:51','2026-07-08 10:29:51',0),(667,42,97,74.80,'2026-07-08 10:29:51','2026-07-08 10:29:51',0),(668,89,97,42.90,'2026-07-08 10:29:51','2026-07-08 10:29:51',0),(669,31,97,83.80,'2026-07-08 10:29:51','2026-07-08 10:29:51',0),(670,59,97,62.90,'2026-07-08 10:29:51','2026-07-08 10:29:51',0),(671,38,98,80.40,'2026-07-08 10:29:51','2026-07-08 10:29:51',0),(672,29,98,70.90,'2026-07-08 10:29:51','2026-07-08 10:29:51',0),(673,54,98,80.80,'2026-07-08 10:29:51','2026-07-08 10:29:51',0),(674,82,98,71.20,'2026-07-08 10:29:51','2026-07-08 10:29:51',0),(675,71,98,88.90,'2026-07-08 10:29:51','2026-07-08 10:29:51',0),(676,100,98,34.40,'2026-07-08 10:29:51','2026-07-08 10:29:51',0),(677,2,98,99.90,'2026-07-08 10:29:51','2026-07-08 10:29:51',0),(678,35,98,83.60,'2026-07-08 10:29:51','2026-07-08 10:29:51',0),(679,85,99,60.80,'2026-07-08 10:29:51','2026-07-08 10:29:51',0),(680,20,99,66.70,'2026-07-08 10:29:51','2026-07-08 10:29:51',0),(681,53,99,75.20,'2026-07-08 10:29:51','2026-07-08 10:29:51',0),(682,3,99,82.00,'2026-07-08 10:29:51','2026-07-08 10:29:51',0),(683,47,99,85.40,'2026-07-08 10:29:51','2026-07-08 10:29:51',0),(684,72,99,99.40,'2026-07-08 10:29:51','2026-07-08 10:29:51',0),(685,87,99,75.40,'2026-07-08 10:29:51','2026-07-08 10:29:51',0),(686,12,100,93.90,'2026-07-08 10:29:51','2026-07-08 10:29:51',0),(687,57,100,84.30,'2026-07-08 10:29:51','2026-07-08 10:29:51',0),(688,44,100,88.10,'2026-07-08 10:29:51','2026-07-08 10:29:51',0),(689,64,100,65.40,'2026-07-08 10:29:51','2026-07-08 10:29:51',0),(690,4,100,62.20,'2026-07-08 10:29:51','2026-07-08 10:29:51',0),(691,50,100,75.20,'2026-07-08 10:29:51','2026-07-08 10:29:51',0),(692,60,101,71.70,'2026-07-08 10:29:51','2026-07-08 10:29:51',0),(693,95,101,81.10,'2026-07-08 10:29:51','2026-07-08 10:29:51',0),(694,59,101,88.90,'2026-07-08 10:29:51','2026-07-08 10:29:51',0),(695,21,101,78.60,'2026-07-08 10:29:51','2026-07-08 10:29:51',0),(696,56,101,81.60,'2026-07-08 10:29:51','2026-07-08 10:29:51',0),(697,32,102,76.00,'2026-07-08 10:29:51','2026-07-08 10:29:51',0),(698,57,102,81.70,'2026-07-08 10:29:51','2026-07-08 10:29:51',0),(699,43,102,86.00,'2026-07-08 10:29:51','2026-07-08 10:29:51',0),(700,35,102,88.60,'2026-07-08 10:29:51','2026-07-08 10:29:51',0),(701,96,102,87.50,'2026-07-08 10:29:51','2026-07-08 10:29:51',0),(702,59,102,98.20,'2026-07-08 10:29:51','2026-07-08 10:29:51',0),(703,36,102,83.60,'2026-07-08 10:29:51','2026-07-08 10:29:51',0),(704,13,102,70.80,'2026-07-08 10:29:51','2026-07-08 10:29:51',0),(705,37,102,67.40,'2026-07-08 10:29:51','2026-07-08 10:29:51',0),(706,28,103,80.10,'2026-07-08 10:29:51','2026-07-08 10:29:51',0),(707,13,103,75.80,'2026-07-08 10:29:51','2026-07-08 10:29:51',0),(708,61,103,73.40,'2026-07-08 10:29:51','2026-07-08 10:29:51',0),(709,69,103,83.70,'2026-07-08 10:29:51','2026-07-08 10:29:51',0),(710,24,103,70.20,'2026-07-08 10:29:51','2026-07-08 10:29:51',0),(711,7,103,76.80,'2026-07-08 10:29:51','2026-07-08 10:29:51',0),(712,89,104,86.80,'2026-07-08 10:29:51','2026-07-08 10:29:51',0),(713,85,104,87.20,'2026-07-08 10:29:51','2026-07-08 10:29:51',0),(714,26,104,68.50,'2026-07-08 10:29:51','2026-07-08 10:29:51',0),(715,83,104,73.40,'2026-07-08 10:29:51','2026-07-08 10:29:51',0),(716,95,104,76.50,'2026-07-08 10:29:51','2026-07-08 10:29:51',0),(717,11,104,72.90,'2026-07-08 10:29:51','2026-07-08 10:29:51',0),(718,59,104,76.80,'2026-07-08 10:29:51','2026-07-08 10:29:51',0),(719,94,105,98.20,'2026-07-08 10:29:51','2026-07-08 10:29:51',0),(720,54,105,88.50,'2026-07-08 10:29:51','2026-07-08 10:29:51',0),(721,6,105,74.20,'2026-07-08 10:29:51','2026-07-08 10:29:51',0),(722,7,105,75.90,'2026-07-08 10:29:51','2026-07-08 10:29:51',0),(723,11,105,83.80,'2026-07-08 10:29:51','2026-07-08 10:29:51',0),(724,18,105,78.50,'2026-07-08 10:29:51','2026-07-08 10:29:51',0),(725,85,106,75.10,'2026-07-08 10:29:51','2026-07-08 10:29:51',0),(726,62,106,78.90,'2026-07-08 10:29:51','2026-07-08 10:29:51',0),(727,98,106,98.40,'2026-07-08 10:29:51','2026-07-08 10:29:51',0),(728,26,106,86.70,'2026-07-08 10:29:51','2026-07-08 10:29:51',0),(729,10,106,75.10,'2026-07-08 10:29:51','2026-07-08 10:29:51',0),(730,5,106,67.40,'2026-07-08 10:29:51','2026-07-08 10:29:51',0),(731,35,106,83.40,'2026-07-08 10:29:51','2026-07-08 10:29:51',0),(732,70,106,82.70,'2026-07-08 10:29:51','2026-07-08 10:29:51',0),(733,73,106,75.60,'2026-07-08 10:29:51','2026-07-08 10:29:51',0),(734,33,107,87.60,'2026-07-08 10:29:51','2026-07-08 10:29:51',0),(735,57,107,60.30,'2026-07-08 10:29:51','2026-07-08 10:29:51',0),(736,15,107,61.40,'2026-07-08 10:29:51','2026-07-08 10:29:51',0),(737,100,107,75.40,'2026-07-08 10:29:51','2026-07-08 10:29:51',0),(738,71,107,68.70,'2026-07-08 10:29:51','2026-07-08 10:29:51',0),(739,28,108,40.10,'2026-07-08 10:29:51','2026-07-08 10:29:51',0),(740,77,108,94.20,'2026-07-08 10:29:51','2026-07-08 10:29:51',0),(741,100,108,78.40,'2026-07-08 10:29:51','2026-07-08 10:29:51',0),(742,64,108,73.80,'2026-07-08 10:29:51','2026-07-08 10:29:51',0),(743,33,108,81.00,'2026-07-08 10:29:51','2026-07-08 10:29:51',0),(744,39,108,70.40,'2026-07-08 10:29:51','2026-07-08 10:29:51',0),(745,2,108,74.80,'2026-07-08 10:29:51','2026-07-08 10:29:51',0),(746,53,109,47.30,'2026-07-08 10:29:51','2026-07-08 10:29:51',0),(747,12,109,76.20,'2026-07-08 10:29:51','2026-07-08 10:29:51',0),(748,31,109,33.90,'2026-07-08 10:29:51','2026-07-08 10:29:51',0),(749,62,109,81.60,'2026-07-08 10:29:51','2026-07-08 10:29:51',0),(750,44,109,71.00,'2026-07-08 10:29:51','2026-07-08 10:29:51',0),(751,6,109,75.80,'2026-07-08 10:29:51','2026-07-08 10:29:51',0),(752,33,109,78.00,'2026-07-08 10:29:51','2026-07-08 10:29:51',0),(753,39,110,75.60,'2026-07-08 10:29:51','2026-07-08 10:29:51',0),(754,44,110,67.90,'2026-07-08 10:29:51','2026-07-08 10:29:51',0),(755,95,110,71.10,'2026-07-08 10:29:51','2026-07-08 10:29:51',0),(756,34,110,85.80,'2026-07-08 10:29:51','2026-07-08 10:29:51',0),(757,74,110,65.70,'2026-07-08 10:29:51','2026-07-08 10:29:51',0),(758,87,110,51.80,'2026-07-08 10:29:51','2026-07-08 10:29:51',0),(759,17,110,98.90,'2026-07-08 10:29:51','2026-07-08 10:29:51',0),(760,71,110,77.30,'2026-07-08 10:29:51','2026-07-08 10:29:51',0),(761,26,111,73.60,'2026-07-08 10:29:51','2026-07-08 10:29:51',0),(762,37,111,75.40,'2026-07-08 10:29:51','2026-07-08 10:29:51',0),(763,27,111,73.50,'2026-07-08 10:29:51','2026-07-08 10:29:51',0),(764,71,111,60.90,'2026-07-08 10:29:51','2026-07-08 10:29:51',0),(765,12,111,73.90,'2026-07-08 10:29:51','2026-07-08 10:29:51',0),(766,57,111,88.20,'2026-07-08 10:29:51','2026-07-08 10:29:51',0),(767,20,111,81.00,'2026-07-08 10:29:51','2026-07-08 10:29:51',0),(768,42,112,80.30,'2026-07-08 10:29:51','2026-07-08 10:29:51',0),(769,24,112,81.60,'2026-07-08 10:29:51','2026-07-08 10:29:51',0),(770,37,112,74.40,'2026-07-08 10:29:51','2026-07-08 10:29:51',0),(771,62,112,77.40,'2026-07-08 10:29:51','2026-07-08 10:29:51',0),(772,66,112,78.30,'2026-07-08 10:29:51','2026-07-08 10:29:51',0),(773,57,112,74.60,'2026-07-08 10:29:51','2026-07-08 10:29:51',0),(774,70,113,99.70,'2026-07-08 10:29:51','2026-07-08 10:29:51',0),(775,11,113,85.50,'2026-07-08 10:29:51','2026-07-08 10:29:51',0),(776,5,113,70.50,'2026-07-08 10:29:51','2026-07-08 10:29:51',0),(777,89,113,82.40,'2026-07-08 10:29:51','2026-07-08 10:29:51',0),(778,10,113,67.90,'2026-07-08 10:29:51','2026-07-08 10:29:51',0),(779,2,113,71.10,'2026-07-08 10:29:51','2026-07-08 10:29:51',0),(780,65,113,87.00,'2026-07-08 10:29:51','2026-07-08 10:29:51',0),(781,13,113,87.50,'2026-07-08 10:29:51','2026-07-08 10:29:51',0),(782,21,114,88.30,'2026-07-08 10:29:51','2026-07-08 10:29:51',0),(783,63,114,74.80,'2026-07-08 10:29:51','2026-07-08 10:29:51',0),(784,83,114,97.80,'2026-07-08 10:29:51','2026-07-08 10:29:51',0),(785,23,114,81.80,'2026-07-08 10:29:51','2026-07-08 10:29:51',0),(786,5,114,77.30,'2026-07-08 10:29:51','2026-07-08 10:29:51',0),(787,89,114,99.80,'2026-07-08 10:29:51','2026-07-08 10:29:51',0),(788,35,114,60.70,'2026-07-08 10:29:51','2026-07-08 10:29:51',0),(789,45,114,31.40,'2026-07-08 10:29:51','2026-07-08 10:29:51',0),(790,32,114,88.10,'2026-07-08 10:29:51','2026-07-08 10:29:51',0),(791,19,115,65.70,'2026-07-08 10:29:51','2026-07-08 10:29:51',0),(792,2,115,66.40,'2026-07-08 10:29:51','2026-07-08 10:29:51',0),(793,83,115,73.00,'2026-07-08 10:29:51','2026-07-08 10:29:51',0),(794,42,115,64.40,'2026-07-08 10:29:51','2026-07-08 10:29:51',0),(795,43,115,70.40,'2026-07-08 10:29:51','2026-07-08 10:29:51',0),(796,53,116,81.20,'2026-07-08 10:29:51','2026-07-08 10:29:51',0),(797,47,116,71.80,'2026-07-08 10:29:51','2026-07-08 10:29:51',0),(798,57,116,70.90,'2026-07-08 10:29:51','2026-07-08 10:29:51',0),(799,54,116,88.90,'2026-07-08 10:29:51','2026-07-08 10:29:51',0),(800,9,116,88.10,'2026-07-08 10:29:51','2026-07-08 10:29:51',0),(801,17,116,70.40,'2026-07-08 10:29:51','2026-07-08 10:29:51',0),(802,5,116,88.30,'2026-07-08 10:29:51','2026-07-08 10:29:51',0),(803,97,117,61.80,'2026-07-08 10:29:51','2026-07-08 10:29:51',0),(804,70,117,74.80,'2026-07-08 10:29:51','2026-07-08 10:29:51',0),(805,32,117,88.70,'2026-07-08 10:29:51','2026-07-08 10:29:51',0),(806,83,117,82.60,'2026-07-08 10:29:51','2026-07-08 10:29:51',0),(807,18,117,79.00,'2026-07-08 10:29:51','2026-07-08 10:29:51',0),(808,61,117,88.90,'2026-07-08 10:29:51','2026-07-08 10:29:51',0),(809,13,117,62.20,'2026-07-08 10:29:51','2026-07-08 10:29:51',0),(810,49,117,72.90,'2026-07-08 10:29:51','2026-07-08 10:29:51',0),(811,96,117,74.20,'2026-07-08 10:29:51','2026-07-08 10:29:51',0),(812,2,118,76.80,'2026-07-08 10:29:51','2026-07-08 10:29:51',0),(813,71,118,75.30,'2026-07-08 10:29:51','2026-07-08 10:29:51',0),(814,32,118,61.10,'2026-07-08 10:29:51','2026-07-08 10:29:51',0),(815,92,118,76.30,'2026-07-08 10:29:51','2026-07-08 10:29:51',0),(816,43,118,85.40,'2026-07-08 10:29:51','2026-07-08 10:29:51',0),(817,47,119,73.70,'2026-07-08 10:29:51','2026-07-08 10:29:51',0),(818,19,119,71.30,'2026-07-08 10:29:51','2026-07-08 10:29:51',0),(819,16,119,72.40,'2026-07-08 10:29:51','2026-07-08 10:29:51',0),(820,84,119,82.90,'2026-07-08 10:29:51','2026-07-08 10:29:51',0),(821,14,119,71.70,'2026-07-08 10:29:51','2026-07-08 10:29:51',0),(822,99,119,67.70,'2026-07-08 10:29:51','2026-07-08 10:29:51',0),(823,11,119,87.70,'2026-07-08 10:29:51','2026-07-08 10:29:51',0),(824,12,120,83.10,'2026-07-08 10:29:51','2026-07-08 10:29:51',0),(825,15,120,76.30,'2026-07-08 10:29:51','2026-07-08 10:29:51',0),(826,51,120,80.60,'2026-07-08 10:29:51','2026-07-08 10:29:51',0),(827,71,120,80.50,'2026-07-08 10:29:51','2026-07-08 10:29:51',0),(828,34,120,72.50,'2026-07-08 10:29:51','2026-07-08 10:29:51',0),(829,1,1,NULL,'2026-07-08 21:27:09','2026-07-08 21:27:09',0),(830,1,2,NULL,'2026-07-08 21:36:11','2026-07-08 21:36:13',1);
/*!40000 ALTER TABLE `enrollment` ENABLE KEYS */;
UNLOCK TABLES;
/*!50003 SET @saved_cs_client      = @@character_set_client */ ;
/*!50003 SET @saved_cs_results     = @@character_set_results */ ;
/*!50003 SET @saved_col_connection = @@collation_connection */ ;
/*!50003 SET character_set_client  = utf8mb4 */ ;
/*!50003 SET character_set_results = utf8mb4 */ ;
/*!50003 SET collation_connection  = utf8mb4_0900_ai_ci */ ;
/*!50003 SET @saved_sql_mode       = @@sql_mode */ ;
/*!50003 SET sql_mode              = 'ONLY_FULL_GROUP_BY,STRICT_TRANS_TABLES,NO_ZERO_IN_DATE,NO_ZERO_DATE,ERROR_FOR_DIVISION_BY_ZERO,NO_ENGINE_SUBSTITUTION' */ ;
DELIMITER ;;
/*!50003 CREATE*/ /*!50017 DEFINER=`root`@`localhost`*/ /*!50003 TRIGGER `trg_enrollment_before_insert` BEFORE INSERT ON `enrollment` FOR EACH ROW BEGIN
    DECLARE v_current INT;
    DECLARE v_max INT;
    DECLARE v_msg    VARCHAR(100);

    SELECT current_students, max_students
    INTO v_current, v_max
    FROM course_offering
    WHERE id = NEW.offering_id;

    IF v_current >= v_max THEN
        SET v_msg = CONCAT('选课已满！当前 ', v_current, '/', v_max);
        SIGNAL SQLSTATE '45000' SET MESSAGE_TEXT = v_msg;
    END IF;
END */;;
DELIMITER ;
/*!50003 SET sql_mode              = @saved_sql_mode */ ;
/*!50003 SET character_set_client  = @saved_cs_client */ ;
/*!50003 SET character_set_results = @saved_cs_results */ ;
/*!50003 SET collation_connection  = @saved_col_connection */ ;
/*!50003 SET @saved_cs_client      = @@character_set_client */ ;
/*!50003 SET @saved_cs_results     = @@character_set_results */ ;
/*!50003 SET @saved_col_connection = @@collation_connection */ ;
/*!50003 SET character_set_client  = utf8mb4 */ ;
/*!50003 SET character_set_results = utf8mb4 */ ;
/*!50003 SET collation_connection  = utf8mb4_0900_ai_ci */ ;
/*!50003 SET @saved_sql_mode       = @@sql_mode */ ;
/*!50003 SET sql_mode              = 'ONLY_FULL_GROUP_BY,STRICT_TRANS_TABLES,NO_ZERO_IN_DATE,NO_ZERO_DATE,ERROR_FOR_DIVISION_BY_ZERO,NO_ENGINE_SUBSTITUTION' */ ;
DELIMITER ;;
/*!50003 CREATE*/ /*!50017 DEFINER=`root`@`localhost`*/ /*!50003 TRIGGER `trg_enrollment_after_insert` AFTER INSERT ON `enrollment` FOR EACH ROW BEGIN
    UPDATE course_offering
    SET current_students = current_students + 1
    WHERE id = NEW.offering_id;
END */;;
DELIMITER ;
/*!50003 SET sql_mode              = @saved_sql_mode */ ;
/*!50003 SET character_set_client  = @saved_cs_client */ ;
/*!50003 SET character_set_results = @saved_cs_results */ ;
/*!50003 SET collation_connection  = @saved_col_connection */ ;
/*!50003 SET @saved_cs_client      = @@character_set_client */ ;
/*!50003 SET @saved_cs_results     = @@character_set_results */ ;
/*!50003 SET @saved_col_connection = @@collation_connection */ ;
/*!50003 SET character_set_client  = utf8mb4 */ ;
/*!50003 SET character_set_results = utf8mb4 */ ;
/*!50003 SET collation_connection  = utf8mb4_0900_ai_ci */ ;
/*!50003 SET @saved_sql_mode       = @@sql_mode */ ;
/*!50003 SET sql_mode              = 'ONLY_FULL_GROUP_BY,STRICT_TRANS_TABLES,NO_ZERO_IN_DATE,NO_ZERO_DATE,ERROR_FOR_DIVISION_BY_ZERO,NO_ENGINE_SUBSTITUTION' */ ;
DELIMITER ;;
/*!50003 CREATE*/ /*!50017 DEFINER=`root`@`localhost`*/ /*!50003 TRIGGER `trg_enrollment_after_insert_score` AFTER INSERT ON `enrollment` FOR EACH ROW BEGIN
    IF NEW.score IS NOT NULL THEN
        UPDATE student s
        SET weighted_score = (
            SELECT ROUND(SUM(e.score * c.credit) / SUM(c.credit), 2)
            FROM enrollment e
            JOIN course_offering co ON e.offering_id = co.id
            JOIN course c ON co.course_id = c.id
            WHERE e.student_id = NEW.student_id
              AND e.score IS NOT NULL
              AND e.is_deleted = 0
        ), gpa = (
            SELECT ROUND(SUM(c.credit * r.point) / SUM(c.credit), 2)
            FROM enrollment e
            JOIN course_offering co ON e.offering_id = co.id
            JOIN course c ON co.course_id = c.id
            JOIN grade_point_rule r ON e.score BETWEEN r.min_score AND r.max_score
            WHERE e.student_id = NEW.student_id
              AND e.score IS NOT NULL
              AND e.is_deleted = 0
        )
        WHERE s.id = NEW.student_id;
    END IF;
END */;;
DELIMITER ;
/*!50003 SET sql_mode              = @saved_sql_mode */ ;
/*!50003 SET character_set_client  = @saved_cs_client */ ;
/*!50003 SET character_set_results = @saved_cs_results */ ;
/*!50003 SET collation_connection  = @saved_col_connection */ ;
/*!50003 SET @saved_cs_client      = @@character_set_client */ ;
/*!50003 SET @saved_cs_results     = @@character_set_results */ ;
/*!50003 SET @saved_col_connection = @@collation_connection */ ;
/*!50003 SET character_set_client  = utf8mb4 */ ;
/*!50003 SET character_set_results = utf8mb4 */ ;
/*!50003 SET collation_connection  = utf8mb4_0900_ai_ci */ ;
/*!50003 SET @saved_sql_mode       = @@sql_mode */ ;
/*!50003 SET sql_mode              = 'ONLY_FULL_GROUP_BY,STRICT_TRANS_TABLES,NO_ZERO_IN_DATE,NO_ZERO_DATE,ERROR_FOR_DIVISION_BY_ZERO,NO_ENGINE_SUBSTITUTION' */ ;
DELIMITER ;;
/*!50003 CREATE*/ /*!50017 DEFINER=`root`@`localhost`*/ /*!50003 TRIGGER `trg_enrollment_after_update` AFTER UPDATE ON `enrollment` FOR EACH ROW BEGIN
    -- 逻辑删除从 0 → 1 时，人数减一
    IF OLD.is_deleted = 0 AND NEW.is_deleted = 1 THEN
        UPDATE course_offering
        SET current_students = current_students - 1
        WHERE id = NEW.offering_id;
    END IF;
END */;;
DELIMITER ;
/*!50003 SET sql_mode              = @saved_sql_mode */ ;
/*!50003 SET character_set_client  = @saved_cs_client */ ;
/*!50003 SET character_set_results = @saved_cs_results */ ;
/*!50003 SET collation_connection  = @saved_col_connection */ ;
/*!50003 SET @saved_cs_client      = @@character_set_client */ ;
/*!50003 SET @saved_cs_results     = @@character_set_results */ ;
/*!50003 SET @saved_col_connection = @@collation_connection */ ;
/*!50003 SET character_set_client  = utf8mb4 */ ;
/*!50003 SET character_set_results = utf8mb4 */ ;
/*!50003 SET collation_connection  = utf8mb4_0900_ai_ci */ ;
/*!50003 SET @saved_sql_mode       = @@sql_mode */ ;
/*!50003 SET sql_mode              = 'ONLY_FULL_GROUP_BY,STRICT_TRANS_TABLES,NO_ZERO_IN_DATE,NO_ZERO_DATE,ERROR_FOR_DIVISION_BY_ZERO,NO_ENGINE_SUBSTITUTION' */ ;
DELIMITER ;;
/*!50003 CREATE*/ /*!50017 DEFINER=`root`@`localhost`*/ /*!50003 TRIGGER `trg_enrollment_after_update_score` AFTER UPDATE ON `enrollment` FOR EACH ROW BEGIN
    -- 只在成绩实际变化时重算
    IF NOT (OLD.score <=> NEW.score) THEN

        -- 更新学籍分 = SUM(成绩×学分) / SUM(学分)
        UPDATE student s
        SET weighted_score = (
            SELECT ROUND(SUM(e.score * c.credit) / SUM(c.credit), 2)
            FROM enrollment e
            JOIN course_offering co ON e.offering_id = co.id
            JOIN course c ON co.course_id = c.id
            WHERE e.student_id = NEW.student_id
              AND e.score IS NOT NULL
              AND e.is_deleted = 0
        )
        WHERE s.id = NEW.student_id;

        -- 更新绩点分 = SUM(学分×绩点) / SUM(学分)
        UPDATE student s
        SET gpa = (
            SELECT ROUND(SUM(c.credit * r.point) / SUM(c.credit), 2)
            FROM enrollment e
            JOIN course_offering co ON e.offering_id = co.id
            JOIN course c ON co.course_id = c.id
            JOIN grade_point_rule r ON e.score BETWEEN r.min_score AND r.max_score
            WHERE e.student_id = NEW.student_id
              AND e.score IS NOT NULL
              AND e.is_deleted = 0
        )
        WHERE s.id = NEW.student_id;

    END IF;
END */;;
DELIMITER ;
/*!50003 SET sql_mode              = @saved_sql_mode */ ;
/*!50003 SET character_set_client  = @saved_cs_client */ ;
/*!50003 SET character_set_results = @saved_cs_results */ ;
/*!50003 SET collation_connection  = @saved_col_connection */ ;

--
-- Table structure for table `grade_point_rule`
--

DROP TABLE IF EXISTS `grade_point_rule`;
/*!40101 SET @saved_cs_client     = @@character_set_client */;
/*!50503 SET character_set_client = utf8mb4 */;
CREATE TABLE `grade_point_rule` (
  `id` int NOT NULL AUTO_INCREMENT COMMENT '规则ID',
  `min_score` decimal(5,2) NOT NULL COMMENT '成绩下限',
  `max_score` decimal(5,2) NOT NULL COMMENT '成绩上限',
  `point` decimal(3,1) NOT NULL COMMENT '对应绩点',
  PRIMARY KEY (`id`)
) ENGINE=InnoDB AUTO_INCREMENT=6 DEFAULT CHARSET=utf8mb4 COLLATE=utf8mb4_unicode_ci COMMENT='绩点对照表';
/*!40101 SET character_set_client = @saved_cs_client */;

--
-- Dumping data for table `grade_point_rule`
--

LOCK TABLES `grade_point_rule` WRITE;
/*!40000 ALTER TABLE `grade_point_rule` DISABLE KEYS */;
INSERT INTO `grade_point_rule` VALUES (1,0.00,59.99,0.0),(2,60.00,69.99,1.0),(3,70.00,79.99,2.0),(4,80.00,89.99,3.0),(5,90.00,100.00,4.0);
/*!40000 ALTER TABLE `grade_point_rule` ENABLE KEYS */;
UNLOCK TABLES;

--
-- Table structure for table `student`
--

DROP TABLE IF EXISTS `student`;
/*!40101 SET @saved_cs_client     = @@character_set_client */;
/*!50503 SET character_set_client = utf8mb4 */;
CREATE TABLE `student` (
  `id` int NOT NULL AUTO_INCREMENT COMMENT '学生ID',
  `name` varchar(50) COLLATE utf8mb4_unicode_ci NOT NULL COMMENT '姓名',
  `no` varchar(20) COLLATE utf8mb4_unicode_ci NOT NULL COMMENT '学号',
  `class_id` int NOT NULL COMMENT '班级ID',
  `weighted_score` decimal(5,2) NOT NULL DEFAULT '0.00' COMMENT '学籍分',
  `gpa` decimal(5,2) NOT NULL DEFAULT '0.00' COMMENT '绩点分',
  `status` tinyint(1) NOT NULL DEFAULT '1' COMMENT '状态：1=在读，0=离校',
  `create_time` datetime NOT NULL DEFAULT CURRENT_TIMESTAMP COMMENT '创建时间',
  `update_time` datetime NOT NULL DEFAULT CURRENT_TIMESTAMP ON UPDATE CURRENT_TIMESTAMP COMMENT '更新时间',
  `is_deleted` tinyint(1) NOT NULL DEFAULT '0' COMMENT '逻辑删除',
  PRIMARY KEY (`id`),
  UNIQUE KEY `uk_student_no` (`no`),
  KEY `idx_student_name` (`name`),
  KEY `idx_student_class` (`class_id`),
  CONSTRAINT `fk_student_class` FOREIGN KEY (`class_id`) REFERENCES `class` (`id`)
) ENGINE=InnoDB AUTO_INCREMENT=121 DEFAULT CHARSET=utf8mb4 COLLATE=utf8mb4_unicode_ci COMMENT='学生表';
/*!40101 SET character_set_client = @saved_cs_client */;

--
-- Dumping data for table `student`
--

LOCK TABLES `student` WRITE;
/*!40000 ALTER TABLE `student` DISABLE KEYS */;
INSERT INTO `student` VALUES (1,'张明','202210101',1,80.64,2.55,1,'2026-07-08 10:29:50','2026-07-08 10:29:50',0),(2,'李华','202210102',1,82.68,3.00,1,'2026-07-08 10:29:50','2026-07-08 10:29:50',0),(3,'王强','202210103',1,72.96,2.00,1,'2026-07-08 10:29:50','2026-07-08 10:29:50',0),(4,'赵伟','202210104',1,80.61,2.43,1,'2026-07-08 10:29:50','2026-07-08 10:29:50',0),(5,'陈芳','202210105',1,76.51,2.35,1,'2026-07-08 10:29:50','2026-07-08 10:29:50',0),(6,'刘丽','202210106',1,80.01,2.63,1,'2026-07-08 10:29:50','2026-07-08 10:29:50',0),(7,'黄勇','202210107',1,75.87,2.06,1,'2026-07-08 10:29:50','2026-07-08 10:29:50',0),(8,'周军','202210108',1,75.85,2.17,1,'2026-07-08 10:29:50','2026-07-08 10:29:50',0),(9,'吴杰','202210109',1,74.74,2.22,1,'2026-07-08 10:29:50','2026-07-08 10:29:50',0),(10,'郑峰','202210110',1,67.45,1.37,1,'2026-07-08 10:29:50','2026-07-08 10:29:50',0),(11,'钱敏','202210201',2,79.73,2.53,1,'2026-07-08 10:29:50','2026-07-08 10:29:50',0),(12,'孙静','202210202',2,78.53,2.29,1,'2026-07-08 10:29:50','2026-07-08 10:29:50',0),(13,'朱涛','202210203',2,76.48,2.27,1,'2026-07-08 10:29:50','2026-07-08 10:29:50',0),(14,'马斌','202210204',2,76.45,2.33,1,'2026-07-08 10:29:50','2026-07-08 10:35:56',0),(15,'胡磊','202210205',2,77.47,2.26,1,'2026-07-08 10:29:50','2026-07-08 10:29:50',0),(16,'林文','202210206',2,70.92,1.74,1,'2026-07-08 10:29:50','2026-07-08 10:29:50',0),(17,'张博','202210207',2,77.91,2.20,1,'2026-07-08 10:29:50','2026-07-08 10:29:50',0),(18,'李颖','202210208',2,73.86,2.12,1,'2026-07-08 10:29:50','2026-07-08 10:29:50',0),(19,'王宁','202210209',2,81.18,2.47,1,'2026-07-08 10:29:50','2026-07-08 10:29:50',0),(20,'赵翔','202210210',2,77.98,2.46,1,'2026-07-08 10:29:50','2026-07-08 10:29:50',0),(21,'陈明','202210301',3,75.45,2.09,1,'2026-07-08 10:29:50','2026-07-08 10:29:50',0),(22,'刘华','202210302',3,83.53,2.72,1,'2026-07-08 10:29:50','2026-07-08 10:29:50',0),(23,'黄强','202210303',3,77.41,2.47,1,'2026-07-08 10:29:50','2026-07-08 21:40:29',0),(24,'周伟','202210304',3,77.62,2.33,1,'2026-07-08 10:29:50','2026-07-08 10:29:50',0),(25,'吴芳','202210305',3,72.62,2.04,1,'2026-07-08 10:29:50','2026-07-08 10:29:50',0),(26,'郑丽','202210306',3,81.68,2.68,1,'2026-07-08 10:29:50','2026-07-08 10:29:50',0),(27,'钱勇','202210307',3,77.53,2.43,1,'2026-07-08 10:29:50','2026-07-08 10:29:50',0),(28,'孙军','202210308',3,77.27,2.16,1,'2026-07-08 10:29:50','2026-07-08 10:29:50',0),(29,'朱杰','202210309',3,81.59,2.47,1,'2026-07-08 10:29:50','2026-07-08 10:29:50',0),(30,'马峰','202210310',3,74.05,2.21,1,'2026-07-08 10:29:50','2026-07-08 10:29:50',0),(31,'胡敏','202210401',4,76.81,2.19,1,'2026-07-08 10:29:50','2026-07-08 10:29:50',0),(32,'林静','202210402',4,79.91,2.68,1,'2026-07-08 10:29:50','2026-07-08 10:29:50',0),(33,'张涛','202210403',4,76.18,2.06,1,'2026-07-08 10:29:50','2026-07-08 10:29:51',0),(34,'李斌','202210404',4,81.95,2.65,1,'2026-07-08 10:29:50','2026-07-08 10:29:51',0),(35,'王磊','202210405',4,77.80,2.19,1,'2026-07-08 10:29:50','2026-07-08 10:29:51',0),(36,'赵文','202210406',4,82.40,2.87,1,'2026-07-08 10:29:50','2026-07-08 10:29:51',0),(37,'陈博','202210407',4,78.56,2.50,1,'2026-07-08 10:29:50','2026-07-08 10:29:51',0),(38,'刘颖','202210408',4,76.53,2.04,1,'2026-07-08 10:29:50','2026-07-08 10:29:51',0),(39,'黄宁','202210409',4,80.35,2.50,1,'2026-07-08 10:29:50','2026-07-08 10:29:51',0),(40,'周翔','202210410',4,72.02,1.89,1,'2026-07-08 10:29:50','2026-07-08 10:29:51',0),(41,'吴明','202320101',5,76.46,2.39,1,'2026-07-08 10:29:50','2026-07-08 10:29:51',0),(42,'郑华','202320102',5,73.84,2.17,1,'2026-07-08 10:29:50','2026-07-08 10:29:51',0),(43,'钱强','202320103',5,73.85,1.91,1,'2026-07-08 10:29:50','2026-07-08 10:29:51',0),(44,'孙伟','202320104',5,73.18,1.93,1,'2026-07-08 10:29:50','2026-07-08 10:29:51',0),(45,'朱芳','202320105',5,78.11,2.22,1,'2026-07-08 10:29:50','2026-07-08 10:29:51',0),(46,'马丽','202320106',5,73.33,2.24,1,'2026-07-08 10:29:50','2026-07-08 10:29:51',0),(47,'胡勇','202320107',5,67.90,1.35,1,'2026-07-08 10:29:50','2026-07-08 10:29:51',0),(48,'林军','202320108',5,81.36,2.67,1,'2026-07-08 10:29:50','2026-07-08 10:29:51',0),(49,'张杰','202320109',5,77.55,2.40,1,'2026-07-08 10:29:50','2026-07-08 10:29:51',0),(50,'李峰','202320110',5,75.25,2.19,1,'2026-07-08 10:29:50','2026-07-08 10:29:51',0),(51,'王敏','202320201',6,80.37,2.80,1,'2026-07-08 10:29:50','2026-07-08 10:29:51',0),(52,'赵静','202320202',6,80.34,2.76,1,'2026-07-08 10:29:50','2026-07-08 10:29:51',0),(53,'陈涛','202320203',6,80.32,2.52,1,'2026-07-08 10:29:50','2026-07-08 10:29:51',0),(54,'刘斌','202320204',6,75.10,2.15,1,'2026-07-08 10:29:50','2026-07-08 10:29:51',0),(55,'黄磊','202320205',6,76.73,2.21,1,'2026-07-08 10:29:50','2026-07-08 10:29:51',0),(56,'周文','202320206',6,75.47,1.97,1,'2026-07-08 10:29:50','2026-07-08 10:29:51',0),(57,'吴博','202320207',6,65.89,1.89,1,'2026-07-08 10:29:50','2026-07-08 10:29:51',0),(58,'郑颖','202320208',6,74.10,1.96,1,'2026-07-08 10:29:50','2026-07-08 10:29:51',0),(59,'钱宁','202320209',6,83.00,2.86,1,'2026-07-08 10:29:50','2026-07-08 10:29:51',0),(60,'孙翔','202320210',6,76.23,2.20,1,'2026-07-08 10:29:50','2026-07-08 10:29:51',0),(61,'朱明','202320301',7,82.02,2.74,1,'2026-07-08 10:29:50','2026-07-08 10:29:51',0),(62,'马华','202320302',7,71.08,1.65,1,'2026-07-08 10:29:50','2026-07-08 10:29:51',0),(63,'胡强','202320303',7,82.32,2.73,1,'2026-07-08 10:29:50','2026-07-08 10:29:51',0),(64,'林伟','202320304',7,76.56,2.36,1,'2026-07-08 10:29:50','2026-07-08 10:29:51',0),(65,'张芳','202320305',7,77.80,2.30,1,'2026-07-08 10:29:50','2026-07-08 10:29:51',0),(66,'李丽','202320306',7,76.34,2.29,1,'2026-07-08 10:29:50','2026-07-08 10:29:51',0),(67,'王勇','202320307',7,79.67,2.44,1,'2026-07-08 10:29:50','2026-07-08 10:29:51',0),(68,'赵军','202320308',7,74.73,2.03,1,'2026-07-08 10:29:50','2026-07-08 10:29:51',0),(69,'陈杰','202320309',7,79.00,2.34,1,'2026-07-08 10:29:50','2026-07-08 10:29:51',0),(70,'刘峰','202320310',7,83.35,2.65,1,'2026-07-08 10:29:50','2026-07-08 10:29:51',0),(71,'黄敏','202320401',8,83.53,2.74,1,'2026-07-08 10:29:50','2026-07-08 10:29:51',0),(72,'周静','202320402',8,75.94,2.19,1,'2026-07-08 10:29:50','2026-07-08 10:29:51',0),(73,'吴涛','202320403',8,85.50,3.13,1,'2026-07-08 10:29:50','2026-07-08 10:29:51',0),(74,'郑斌','202320404',8,68.98,1.41,1,'2026-07-08 10:29:50','2026-07-08 10:29:51',0),(75,'钱磊','202320405',8,76.23,2.25,1,'2026-07-08 10:29:50','2026-07-08 10:29:51',0),(76,'孙文','202320406',8,82.31,2.72,1,'2026-07-08 10:29:50','2026-07-08 10:29:51',0),(77,'朱博','202320407',8,75.57,2.16,1,'2026-07-08 10:29:50','2026-07-08 10:29:51',0),(78,'马颖','202320408',8,84.16,3.00,1,'2026-07-08 10:29:50','2026-07-08 10:29:51',0),(79,'胡宁','202320409',8,78.62,2.48,1,'2026-07-08 10:29:50','2026-07-08 10:29:51',0),(80,'林翔','202320410',8,73.07,2.08,1,'2026-07-08 10:29:50','2026-07-08 10:29:51',0),(81,'张明','202430101',9,71.44,1.79,1,'2026-07-08 10:29:50','2026-07-08 10:29:51',0),(82,'李华','202430102',9,75.96,2.14,1,'2026-07-08 10:29:50','2026-07-08 10:29:51',0),(83,'王强','202430103',9,73.93,1.93,1,'2026-07-08 10:29:50','2026-07-08 10:29:51',0),(84,'赵伟','202430104',9,76.04,2.28,1,'2026-07-08 10:29:50','2026-07-08 10:29:51',0),(85,'陈芳','202430105',9,75.05,2.15,1,'2026-07-08 10:29:50','2026-07-08 10:29:51',0),(86,'刘丽','202430106',9,64.89,1.53,1,'2026-07-08 10:29:50','2026-07-08 10:29:51',0),(87,'黄勇','202430107',9,76.82,2.21,1,'2026-07-08 10:29:50','2026-07-08 10:29:51',0),(88,'周军','202430108',9,68.15,1.29,1,'2026-07-08 10:29:50','2026-07-08 10:29:51',0),(89,'吴杰','202430109',9,65.40,1.59,1,'2026-07-08 10:29:50','2026-07-08 10:29:51',0),(90,'郑峰','202430110',9,78.71,2.24,1,'2026-07-08 10:29:50','2026-07-08 10:29:51',0),(91,'钱敏','202430201',10,74.67,2.27,1,'2026-07-08 10:29:50','2026-07-08 10:29:51',0),(92,'孙静','202430202',10,76.90,2.06,1,'2026-07-08 10:29:50','2026-07-08 10:29:51',0),(93,'朱涛','202430203',10,74.30,1.95,1,'2026-07-08 10:29:50','2026-07-08 10:29:51',0),(94,'马斌','202430204',10,87.51,3.06,1,'2026-07-08 10:29:50','2026-07-08 10:29:51',0),(95,'胡磊','202430205',10,77.20,2.27,1,'2026-07-08 10:29:50','2026-07-08 10:29:51',0),(96,'林文','202430206',10,75.76,2.00,1,'2026-07-08 10:29:50','2026-07-08 10:29:51',0),(97,'张博','202430207',10,73.32,2.09,1,'2026-07-08 10:29:50','2026-07-08 10:29:51',0),(98,'李颖','202430208',10,75.59,2.45,1,'2026-07-08 10:29:50','2026-07-08 10:29:51',0),(99,'王宁','202430209',10,77.97,2.27,1,'2026-07-08 10:29:50','2026-07-08 10:29:51',0),(100,'赵翔','202430210',10,78.96,2.43,1,'2026-07-08 10:29:50','2026-07-08 10:29:51',0),(101,'陈明','202430301',11,80.37,2.59,1,'2026-07-08 10:29:50','2026-07-08 10:29:51',0),(102,'刘华','202430302',11,82.87,2.73,1,'2026-07-08 10:29:50','2026-07-08 10:29:51',0),(103,'黄强','202430303',11,76.49,2.32,1,'2026-07-08 10:29:50','2026-07-08 10:29:51',0),(104,'周伟','202430304',11,77.06,2.13,1,'2026-07-08 10:29:50','2026-07-08 10:29:51',0),(105,'吴芳','202430305',11,84.52,2.78,1,'2026-07-08 10:29:50','2026-07-08 10:29:51',0),(106,'郑丽','202430306',11,80.26,2.43,1,'2026-07-08 10:29:50','2026-07-08 10:29:51',0),(107,'钱勇','202430307',11,69.73,1.53,1,'2026-07-08 10:29:50','2026-07-08 10:29:51',0),(108,'孙军','202430308',11,73.24,2.12,1,'2026-07-08 10:29:50','2026-07-08 10:29:51',0),(109,'朱杰','202430309',11,64.54,1.46,1,'2026-07-08 10:29:50','2026-07-08 10:29:51',0),(110,'马峰','202430310',11,74.59,1.90,1,'2026-07-08 10:29:50','2026-07-08 10:29:51',0),(111,'胡敏','202430401',12,75.75,2.18,1,'2026-07-08 10:29:50','2026-07-08 10:29:51',0),(112,'林静','202430402',12,77.31,2.27,1,'2026-07-08 10:29:50','2026-07-08 10:29:51',0),(113,'张涛','202430403',12,81.07,2.62,1,'2026-07-08 10:29:50','2026-07-08 10:29:51',0),(114,'李斌','202430404',12,78.51,2.47,1,'2026-07-08 10:29:50','2026-07-08 10:29:51',0),(115,'王磊','202430405',12,68.85,1.53,1,'2026-07-08 10:29:50','2026-07-08 10:29:51',0),(116,'李木子','202430406',11,79.07,2.53,1,'2026-07-08 10:29:50','2026-07-08 20:51:01',0),(117,'陈博','202430407',12,77.02,2.20,1,'2026-07-08 10:29:50','2026-07-08 10:29:51',0),(118,'刘颖','202430408',12,75.61,2.06,1,'2026-07-08 10:29:50','2026-07-08 10:29:51',0),(119,'黄宁','202430409',12,75.48,2.17,1,'2026-07-08 10:29:50','2026-07-08 10:29:51',0),(120,'周翔','202430410',12,79.12,2.65,1,'2026-07-08 10:29:50','2026-07-08 10:29:51',0);
/*!40000 ALTER TABLE `student` ENABLE KEYS */;
UNLOCK TABLES;

--
-- Table structure for table `teacher`
--

DROP TABLE IF EXISTS `teacher`;
/*!40101 SET @saved_cs_client     = @@character_set_client */;
/*!50503 SET character_set_client = utf8mb4 */;
CREATE TABLE `teacher` (
  `id` int NOT NULL AUTO_INCREMENT COMMENT '教师ID',
  `name` varchar(50) COLLATE utf8mb4_unicode_ci NOT NULL COMMENT '姓名',
  `no` varchar(20) COLLATE utf8mb4_unicode_ci NOT NULL COMMENT '工号',
  `title` varchar(50) COLLATE utf8mb4_unicode_ci DEFAULT NULL COMMENT '职称',
  `phone` varchar(20) COLLATE utf8mb4_unicode_ci DEFAULT NULL COMMENT '联系电话',
  `status` tinyint(1) NOT NULL DEFAULT '1' COMMENT '状态：1=在职，0=离职',
  `create_time` datetime NOT NULL DEFAULT CURRENT_TIMESTAMP COMMENT '创建时间',
  `update_time` datetime NOT NULL DEFAULT CURRENT_TIMESTAMP ON UPDATE CURRENT_TIMESTAMP COMMENT '更新时间',
  `is_deleted` tinyint(1) NOT NULL DEFAULT '0' COMMENT '逻辑删除',
  PRIMARY KEY (`id`),
  UNIQUE KEY `uk_teacher_no` (`no`),
  KEY `idx_teacher_name` (`name`)
) ENGINE=InnoDB AUTO_INCREMENT=17 DEFAULT CHARSET=utf8mb4 COLLATE=utf8mb4_unicode_ci COMMENT='教师表';
/*!40101 SET character_set_client = @saved_cs_client */;

--
-- Dumping data for table `teacher`
--

LOCK TABLES `teacher` WRITE;
/*!40000 ALTER TABLE `teacher` DISABLE KEYS */;
INSERT INTO `teacher` VALUES (1,'张老师','T20240001','教授','13829516234',1,'2026-07-08 10:29:50','2026-07-08 10:29:50',0),(2,'李老师','T20240002','教授','13892339385',1,'2026-07-08 10:29:50','2026-07-08 10:29:50',0),(3,'王老师','T20240003','教授','13826814658',1,'2026-07-08 10:29:50','2026-07-08 10:29:50',0),(4,'赵老师','T20240004','副教授','13878919975',1,'2026-07-08 10:29:50','2026-07-08 10:29:50',0),(5,'陈老师','T20240005','副教授','13890428226',1,'2026-07-08 10:29:50','2026-07-08 10:29:50',0),(6,'刘老师','T20240006','副教授','13849311041',1,'2026-07-08 10:29:50','2026-07-08 10:29:50',0),(7,'黄老师','T20240007','副教授','13823222814',1,'2026-07-08 10:29:50','2026-07-08 10:29:50',0),(8,'周老师','T20240008','副教授','13857062606',1,'2026-07-08 10:29:50','2026-07-08 10:29:50',0),(9,'吴老师','T20240009','讲师','13883671188',1,'2026-07-08 10:29:50','2026-07-08 10:29:50',0),(10,'郑老师','T20240010','讲师','13890326148',1,'2026-07-08 10:29:50','2026-07-08 10:29:50',0),(11,'钱老师','T20240011','讲师','13844447508',1,'2026-07-08 10:29:50','2026-07-08 10:29:50',0),(12,'孙老师','T20240012','讲师','13851206696',1,'2026-07-08 10:29:50','2026-07-08 10:29:50',0),(13,'朱老师','T20240013','讲师','13868437166',1,'2026-07-08 10:29:50','2026-07-08 10:29:50',0),(14,'马老师','T20240014','讲师','13894142250',1,'2026-07-08 10:29:50','2026-07-08 10:29:50',0),(15,'胡老师','T20240015','助教','13865772469',1,'2026-07-08 10:29:50','2026-07-08 10:29:50',0),(16,'林老师','T20240016','助教','13898155786',1,'2026-07-08 10:29:50','2026-07-08 10:29:50',0);
/*!40000 ALTER TABLE `teacher` ENABLE KEYS */;
UNLOCK TABLES;

--
-- Table structure for table `teacher_course`
--

DROP TABLE IF EXISTS `teacher_course`;
/*!40101 SET @saved_cs_client     = @@character_set_client */;
/*!50503 SET character_set_client = utf8mb4 */;
CREATE TABLE `teacher_course` (
  `id` int NOT NULL AUTO_INCREMENT COMMENT '关系ID',
  `teacher_id` int NOT NULL COMMENT '教师ID',
  `course_id` int NOT NULL COMMENT '课程ID',
  `create_time` datetime NOT NULL DEFAULT CURRENT_TIMESTAMP COMMENT '创建时间',
  `update_time` datetime NOT NULL DEFAULT CURRENT_TIMESTAMP ON UPDATE CURRENT_TIMESTAMP COMMENT '更新时间',
  `is_deleted` tinyint(1) NOT NULL DEFAULT '0' COMMENT '逻辑删除',
  PRIMARY KEY (`id`),
  UNIQUE KEY `uk_teacher_course` (`teacher_id`,`course_id`),
  KEY `idx_tc_teacher` (`teacher_id`),
  KEY `idx_tc_course` (`course_id`),
  CONSTRAINT `fk_tc_course` FOREIGN KEY (`course_id`) REFERENCES `course` (`id`),
  CONSTRAINT `fk_tc_teacher` FOREIGN KEY (`teacher_id`) REFERENCES `teacher` (`id`)
) ENGINE=InnoDB AUTO_INCREMENT=76 DEFAULT CHARSET=utf8mb4 COLLATE=utf8mb4_unicode_ci COMMENT='讲授表';
/*!40101 SET character_set_client = @saved_cs_client */;

--
-- Dumping data for table `teacher_course`
--

LOCK TABLES `teacher_course` WRITE;
/*!40000 ALTER TABLE `teacher_course` DISABLE KEYS */;
INSERT INTO `teacher_course` VALUES (1,8,11,'2026-07-08 10:29:50','2026-07-08 10:29:50',0),(2,1,4,'2026-07-08 10:29:50','2026-07-08 10:29:50',0),(3,6,11,'2026-07-08 10:29:50','2026-07-08 10:29:50',0),(4,13,7,'2026-07-08 10:29:50','2026-07-08 10:29:50',0),(5,16,7,'2026-07-08 10:29:50','2026-07-08 10:29:50',0),(6,11,8,'2026-07-08 10:29:50','2026-07-08 10:29:50',0),(7,9,6,'2026-07-08 10:29:50','2026-07-08 10:29:50',0),(8,3,12,'2026-07-08 10:29:50','2026-07-08 10:29:50',0),(9,3,11,'2026-07-08 10:29:50','2026-07-08 10:29:50',0),(10,15,2,'2026-07-08 10:29:50','2026-07-08 10:29:50',0),(11,2,1,'2026-07-08 10:29:50','2026-07-08 10:29:50',0),(12,7,1,'2026-07-08 10:29:50','2026-07-08 10:29:50',0),(13,14,5,'2026-07-08 10:29:50','2026-07-08 10:29:50',0),(14,14,1,'2026-07-08 10:29:50','2026-07-08 10:29:50',0),(15,5,6,'2026-07-08 10:29:50','2026-07-08 10:29:50',0),(16,1,5,'2026-07-08 10:29:50','2026-07-08 10:29:50',0),(17,10,3,'2026-07-08 10:29:50','2026-07-08 10:29:50',0),(18,13,9,'2026-07-08 10:29:50','2026-07-08 10:29:50',0),(19,16,9,'2026-07-08 10:29:50','2026-07-08 10:29:50',0),(20,12,8,'2026-07-08 10:29:50','2026-07-08 10:29:50',0),(21,10,10,'2026-07-08 10:29:50','2026-07-08 10:29:50',0),(22,14,7,'2026-07-08 10:29:50','2026-07-08 10:29:50',0),(23,15,5,'2026-07-08 10:29:50','2026-07-08 10:29:50',0),(24,5,12,'2026-07-08 10:29:50','2026-07-08 10:29:50',0),(25,11,5,'2026-07-08 10:29:50','2026-07-08 10:29:50',0),(26,6,8,'2026-07-08 10:29:50','2026-07-08 10:29:50',0),(27,9,9,'2026-07-08 10:29:50','2026-07-08 10:29:50',0),(28,5,11,'2026-07-08 10:29:50','2026-07-08 10:29:50',0),(29,2,11,'2026-07-08 10:29:50','2026-07-08 10:29:50',0),(30,15,6,'2026-07-08 10:29:50','2026-07-08 10:29:50',0),(31,10,1,'2026-07-08 10:29:50','2026-07-08 10:29:50',0),(32,8,3,'2026-07-08 10:29:50','2026-07-08 10:29:50',0),(33,7,9,'2026-07-08 10:29:50','2026-07-08 10:29:50',0),(34,14,12,'2026-07-08 10:29:50','2026-07-08 10:29:50',0),(35,6,4,'2026-07-08 10:29:50','2026-07-08 10:29:50',0),(36,13,2,'2026-07-08 10:29:50','2026-07-08 10:29:50',0),(37,7,10,'2026-07-08 10:29:50','2026-07-08 10:29:50',0),(38,2,9,'2026-07-08 10:29:50','2026-07-08 10:29:50',0),(39,12,5,'2026-07-08 10:29:50','2026-07-08 10:29:50',0),(40,12,1,'2026-07-08 10:29:50','2026-07-08 10:29:50',0),(41,14,9,'2026-07-08 10:29:50','2026-07-08 10:29:50',0),(42,3,10,'2026-07-08 10:29:50','2026-07-08 10:29:50',0),(43,11,7,'2026-07-08 10:29:50','2026-07-08 10:29:50',0),(44,1,9,'2026-07-08 10:29:50','2026-07-08 10:29:50',0),(45,12,6,'2026-07-08 10:29:50','2026-07-08 10:29:50',0),(46,9,8,'2026-07-08 10:29:50','2026-07-08 10:29:50',0),(47,6,5,'2026-07-08 10:29:50','2026-07-08 10:29:50',0),(48,4,11,'2026-07-08 10:29:50','2026-07-08 10:29:50',0),(49,4,6,'2026-07-08 10:29:50','2026-07-08 10:29:50',0),(50,11,11,'2026-07-08 10:29:50','2026-07-08 10:29:50',0),(51,9,3,'2026-07-08 10:29:50','2026-07-08 10:29:50',0),(52,10,7,'2026-07-08 10:29:50','2026-07-08 10:29:50',0),(53,16,10,'2026-07-08 10:29:50','2026-07-08 10:29:50',0),(54,3,1,'2026-07-08 10:29:50','2026-07-08 10:29:50',0),(55,5,8,'2026-07-08 10:29:50','2026-07-08 10:29:50',0),(56,15,11,'2026-07-08 10:29:50','2026-07-08 10:29:50',0),(57,11,12,'2026-07-08 10:29:50','2026-07-08 10:29:50',0),(58,9,4,'2026-07-08 10:29:50','2026-07-08 10:29:50',0),(59,2,2,'2026-07-08 10:29:50','2026-07-08 10:29:50',0),(60,7,8,'2026-07-08 10:29:50','2026-07-08 10:29:50',0),(61,5,2,'2026-07-08 10:29:50','2026-07-08 10:29:50',0),(62,2,3,'2026-07-08 10:29:50','2026-07-08 10:29:50',0),(63,7,3,'2026-07-08 10:29:50','2026-07-08 10:29:50',0),(64,11,9,'2026-07-08 10:29:50','2026-07-08 10:29:50',0),(65,16,5,'2026-07-08 10:29:50','2026-07-08 10:29:50',0),(66,14,2,'2026-07-08 10:29:50','2026-07-08 10:29:50',0),(67,5,4,'2026-07-08 10:29:50','2026-07-08 10:29:50',0),(68,10,9,'2026-07-08 10:29:50','2026-07-08 10:29:50',0),(69,14,3,'2026-07-08 10:29:50','2026-07-08 10:29:50',0),(70,12,11,'2026-07-08 10:29:50','2026-07-08 10:29:50',0),(71,5,10,'2026-07-08 10:29:50','2026-07-08 10:29:50',0),(72,1,3,'2026-07-08 10:29:50','2026-07-08 10:29:50',0),(73,6,7,'2026-07-08 10:29:50','2026-07-08 10:29:50',0),(74,2,10,'2026-07-08 10:29:50','2026-07-08 10:29:50',0),(75,4,12,'2026-07-08 10:29:50','2026-07-08 10:29:50',0);
/*!40000 ALTER TABLE `teacher_course` ENABLE KEYS */;
UNLOCK TABLES;

--
-- Temporary view structure for view `v_course_plan`
--

DROP TABLE IF EXISTS `v_course_plan`;
/*!50001 DROP VIEW IF EXISTS `v_course_plan`*/;
SET @saved_cs_client     = @@character_set_client;
/*!50503 SET character_set_client = utf8mb4 */;
/*!50001 CREATE VIEW `v_course_plan` AS SELECT 
 1 AS `plan_id`,
 1 AS `course_id`,
 1 AS `course_name`,
 1 AS `credit`,
 1 AS `teacher_id`,
 1 AS `teacher_name`,
 1 AS `semester`,
 1 AS `max_students`,
 1 AS `current_students`,
 1 AS `remaining_seats`,
 1 AS `enroll_start_time`,
 1 AS `enroll_end_time`,
 1 AS `grade_deadline`,
 1 AS `enroll_status`,
 1 AS `status`*/;
SET character_set_client = @saved_cs_client;

--
-- Temporary view structure for view `v_enrollment`
--

DROP TABLE IF EXISTS `v_enrollment`;
/*!50001 DROP VIEW IF EXISTS `v_enrollment`*/;
SET @saved_cs_client     = @@character_set_client;
/*!50503 SET character_set_client = utf8mb4 */;
/*!50001 CREATE VIEW `v_enrollment` AS SELECT 
 1 AS `enroll_id`,
 1 AS `offering_id`,
 1 AS `student_id`,
 1 AS `student_name`,
 1 AS `student_no`,
 1 AS `course_id`,
 1 AS `course_name`,
 1 AS `credit`,
 1 AS `teacher_id`,
 1 AS `teacher_name`,
 1 AS `semester`,
 1 AS `score`,
 1 AS `enroll_time`*/;
SET character_set_client = @saved_cs_client;

--
-- Temporary view structure for view `v_student_message`
--

DROP TABLE IF EXISTS `v_student_message`;
/*!50001 DROP VIEW IF EXISTS `v_student_message`*/;
SET @saved_cs_client     = @@character_set_client;
/*!50503 SET character_set_client = utf8mb4 */;
/*!50001 CREATE VIEW `v_student_message` AS SELECT 
 1 AS `student_id`,
 1 AS `student_name`,
 1 AS `student_no`,
 1 AS `class_id`,
 1 AS `class_name`,
 1 AS `grade`,
 1 AS `major`,
 1 AS `status`*/;
SET character_set_client = @saved_cs_client;

--
-- Current Database: `db_sms`
--

USE `db_sms`;

--
-- Final view structure for view `v_course_plan`
--

/*!50001 DROP VIEW IF EXISTS `v_course_plan`*/;
/*!50001 SET @saved_cs_client          = @@character_set_client */;
/*!50001 SET @saved_cs_results         = @@character_set_results */;
/*!50001 SET @saved_col_connection     = @@collation_connection */;
/*!50001 SET character_set_client      = utf8mb4 */;
/*!50001 SET character_set_results     = utf8mb4 */;
/*!50001 SET collation_connection      = utf8mb4_0900_ai_ci */;
/*!50001 CREATE ALGORITHM=UNDEFINED */
/*!50013 DEFINER=`root`@`localhost` SQL SECURITY DEFINER */
/*!50001 VIEW `v_course_plan` AS select `co`.`id` AS `plan_id`,`co`.`course_id` AS `course_id`,`c`.`name` AS `course_name`,`c`.`credit` AS `credit`,`co`.`teacher_id` AS `teacher_id`,`t`.`name` AS `teacher_name`,`co`.`semester` AS `semester`,`co`.`max_students` AS `max_students`,`co`.`current_students` AS `current_students`,(`co`.`max_students` - `co`.`current_students`) AS `remaining_seats`,`co`.`enroll_start_time` AS `enroll_start_time`,`co`.`enroll_end_time` AS `enroll_end_time`,`co`.`grade_deadline` AS `grade_deadline`,(case when (now() < `co`.`enroll_start_time`) then '未开始' when (now() between `co`.`enroll_start_time` and `co`.`enroll_end_time`) then '选课中' when (now() > `co`.`grade_deadline`) then '已结束' else '已截止' end) AS `enroll_status`,`co`.`status` AS `status` from ((`course_offering` `co` join `course` `c` on((`co`.`course_id` = `c`.`id`))) join `teacher` `t` on((`co`.`teacher_id` = `t`.`id`))) where (`co`.`is_deleted` = 0) */;
/*!50001 SET character_set_client      = @saved_cs_client */;
/*!50001 SET character_set_results     = @saved_cs_results */;
/*!50001 SET collation_connection      = @saved_col_connection */;

--
-- Final view structure for view `v_enrollment`
--

/*!50001 DROP VIEW IF EXISTS `v_enrollment`*/;
/*!50001 SET @saved_cs_client          = @@character_set_client */;
/*!50001 SET @saved_cs_results         = @@character_set_results */;
/*!50001 SET @saved_col_connection     = @@collation_connection */;
/*!50001 SET character_set_client      = utf8mb4 */;
/*!50001 SET character_set_results     = utf8mb4 */;
/*!50001 SET collation_connection      = utf8mb4_0900_ai_ci */;
/*!50001 CREATE ALGORITHM=UNDEFINED */
/*!50013 DEFINER=`root`@`localhost` SQL SECURITY DEFINER */
/*!50001 VIEW `v_enrollment` AS select `e`.`id` AS `enroll_id`,`e`.`offering_id` AS `offering_id`,`e`.`student_id` AS `student_id`,`s`.`name` AS `student_name`,`s`.`no` AS `student_no`,`c`.`id` AS `course_id`,`c`.`name` AS `course_name`,`c`.`credit` AS `credit`,`t`.`id` AS `teacher_id`,`t`.`name` AS `teacher_name`,`co`.`semester` AS `semester`,`e`.`score` AS `score`,`e`.`create_time` AS `enroll_time` from ((((`enrollment` `e` join `student` `s` on((`e`.`student_id` = `s`.`id`))) join `course_offering` `co` on((`e`.`offering_id` = `co`.`id`))) join `course` `c` on((`co`.`course_id` = `c`.`id`))) join `teacher` `t` on((`co`.`teacher_id` = `t`.`id`))) where (`e`.`is_deleted` = 0) */;
/*!50001 SET character_set_client      = @saved_cs_client */;
/*!50001 SET character_set_results     = @saved_cs_results */;
/*!50001 SET collation_connection      = @saved_col_connection */;

--
-- Final view structure for view `v_student_message`
--

/*!50001 DROP VIEW IF EXISTS `v_student_message`*/;
/*!50001 SET @saved_cs_client          = @@character_set_client */;
/*!50001 SET @saved_cs_results         = @@character_set_results */;
/*!50001 SET @saved_col_connection     = @@collation_connection */;
/*!50001 SET character_set_client      = utf8mb4 */;
/*!50001 SET character_set_results     = utf8mb4 */;
/*!50001 SET collation_connection      = utf8mb4_0900_ai_ci */;
/*!50001 CREATE ALGORITHM=UNDEFINED */
/*!50013 DEFINER=`root`@`localhost` SQL SECURITY DEFINER */
/*!50001 VIEW `v_student_message` AS select `s`.`id` AS `student_id`,`s`.`name` AS `student_name`,`s`.`no` AS `student_no`,`s`.`class_id` AS `class_id`,`c`.`name` AS `class_name`,`c`.`grade` AS `grade`,`c`.`major` AS `major`,`s`.`status` AS `status` from (`student` `s` join `class` `c` on((`s`.`class_id` = `c`.`id`))) where (`s`.`is_deleted` = 0) */;
/*!50001 SET character_set_client      = @saved_cs_client */;
/*!50001 SET character_set_results     = @saved_cs_results */;
/*!50001 SET collation_connection      = @saved_col_connection */;
/*!40103 SET TIME_ZONE=@OLD_TIME_ZONE */;

/*!40101 SET SQL_MODE=@OLD_SQL_MODE */;
/*!40014 SET FOREIGN_KEY_CHECKS=@OLD_FOREIGN_KEY_CHECKS */;
/*!40014 SET UNIQUE_CHECKS=@OLD_UNIQUE_CHECKS */;
/*!40101 SET CHARACTER_SET_CLIENT=@OLD_CHARACTER_SET_CLIENT */;
/*!40101 SET CHARACTER_SET_RESULTS=@OLD_CHARACTER_SET_RESULTS */;
/*!40101 SET COLLATION_CONNECTION=@OLD_COLLATION_CONNECTION */;
/*!40111 SET SQL_NOTES=@OLD_SQL_NOTES */;

-- Dump completed on 2026-07-08 21:41:22
