student_no,course_name,teacher_no,semester,score
202210101,大学英语,T20240004,2027-2028-2,71.5
202210101,编译原理,T20240006,2026-2027-1,84.9
202210101,离散数学,T20240011,2027-2028-1,88.8
202210101,软件工程,T20240012,2027-2028-2,86.7
202210101,数据库系统,T20240012,2027-2028-2,96.1
202210101,高等数学,T20240011,2026-2027-1,73.8
202210101,软件工程,T20240016,2026-2027-1,68.1
202210102,高等数学,T20240016,2027-2028-2,91.2
202210102,高等数学,T20240016,2027-2028-2,76.3
202210102,数据库系统,T20240010,2026-2027-2,77.6
202210102,操作系统,T20240015,2027-2028-1,93.0
202210102,软件工程,T20240011,2026-2027-1,75.4
202210102,离散数学,T20240006,2027-2028-2,81.0
202210102,线性代数,T20240007,2027-2028-1,81.0
202210102,软件工程,T20240001,2027-2028-1,60.7
202210102,计算机网络,T20240009,2027-2028-1,82.7
202210103,离散数学,T20240007,2026-2027-1,77.5
202210103,大学英语,T20240002,2026-2027-1,74.1
202210103,数据结构,T20240009,2027-2028-1,70.7
202210103,操作系统,T20240015,2026-2027-2,70.8
202210103,编译原理,T20240010,2027-2028-1,72.8
202210104,高等数学,T20240016,2027-2028-2,88.1
202210104,编译原理,T20240011,2026-2027-2,74.4
202210104,数据库系统,T20240012,2026-2027-2,81.8
202210104,数据库系统,T20240014,2026-2027-1,77.8
202210104,编译原理,T20240010,2027-2028-1,66.8
202210104,大学英语,T20240003,2026-2027-2,87.5
202210105,软件工程,T20240006,2027-2028-2,73.0
202210105,数据库系统,T20240003,2027-2028-2,82.4
202210105,大学英语,T20240015,2026-2027-2,62.4
202210105,高等数学,T20240007,2027-2028-1,72.4
202210105,大学英语,T20240006,2026-2027-1,81.3
202210105,算法设计,T20240014,2026-2027-1,72.4
202210105,软件工程,T20240016,2026-2027-1,75.7
202210105,数据库系统,T20240012,2027-2028-2,84.9
202210105,高等数学,T20240013,2027-2028-1,83.7
202210106,高等数学,T20240002,2026-2027-2,74.7
202210106,编译原理,T20240013,2026-2027-1,75.8
202210106,数据结构,T20240009,2027-2028-1,94.0
202210106,大学英语,T20240008,2027-2028-2,82.4
202210106,人工智能,T20240005,2027-2028-1,71.2
202210107,高等数学,T20240001,2026-2027-2,75.7
202210107,线性代数,T20240010,2027-2028-1,78.5
202210107,计算机网络,T20240001,2026-2027-2,87.0
202210107,操作系统,T20240005,2026-2027-1,74.6
202210107,大学英语,T20240002,2026-2027-1,73.3
202210107,大学英语,T20240004,2026-2027-2,71.7
202210107,计算机网络,T20240006,2026-2027-1,78.8
202210107,线性代数,T20240016,2027-2028-2,88.8
202210107,大学英语,T20240011,2027-2028-2,61.9
202210108,计算机网络,T20240009,2027-2028-1,75.3
202210108,离散数学,T20240011,2027-2028-1,80.3
202210108,编译原理,T20240016,2026-2027-1,60.4
202210108,算法设计,T20240014,2026-2027-1,74.6
202210108,计算机网络,T20240001,2026-2027-2,88.5
202210108,人工智能,T20240012,2026-2027-2,76.0
202210109,离散数学,T20240007,2026-2027-1,60.3
202210109,离散数学,T20240006,2027-2028-2,70.2
202210109,操作系统,T20240002,2026-2027-1,62.3
202210109,大学英语,T20240004,2026-2027-2,71.8
202210109,线性代数,T20240005,2027-2028-2,87.6
202210109,线性代数,T20240003,2027-2028-1,82.0
202210109,编译原理,T20240011,2026-2027-2,94.1
202210110,高等数学,T20240016,2027-2028-2,77.7
202210110,高等数学,T20240001,2026-2027-2,47.9
202210110,软件工程,T20240016,2026-2027-1,68.8
202210110,数据库系统,T20240002,2027-2028-2,74.4
202210110,大学英语,T20240011,2027-2028-1,73.2
202210201,编译原理,T20240010,2027-2028-1,73.4
202210201,软件工程,T20240011,2026-2027-1,85.5
202210201,数据库系统,T20240007,2026-2027-1,84.2
202210201,线性代数,T20240005,2027-2028-2,84.6
202210201,大学英语,T20240012,2026-2027-1,74.6
202210202,操作系统,T20240005,2026-2027-1,85.9
202210202,人工智能,T20240012,2026-2027-2,76.5
202210202,线性代数,T20240003,2027-2028-1,85.5
202210202,编译原理,T20240014,2027-2028-2,71.4
202210202,编译原理,T20240010,2027-2028-1,87.2
202210202,高等数学,T20240002,2026-2027-2,75.2
202210202,编译原理,T20240011,2026-2027-2,67.8
202210203,高等数学,T20240016,2026-2027-1,81.5
202210203,软件工程,T20240011,2026-2027-1,76.8
202210203,编译原理,T20240014,2027-2028-2,73.7
202210203,高等数学,T20240014,2027-2028-1,78.2
202210203,线性代数,T20240007,2027-2028-1,38.7
202210203,大学英语,T20240008,2026-2027-1,78.0
202210203,数据结构,T20240007,2026-2027-1,96.8
202210204,大学英语,T20240015,2026-2027-2,93.5
202210204,编译原理,T20240011,2026-2027-2,66.3
202210204,软件工程,T20240001,2027-2028-1,63.0
202210204,人工智能,T20240012,2026-2027-2,95.0
202210204,数据库系统,T20240002,2027-2028-2,60.8
202210204,软件工程,T20240012,2027-2028-2,71.8
202210204,大学英语,T20240002,2026-2027-1,62.2
202210204,人工智能,T20240004,2026-2027-1,74.5
202210205,计算机网络,T20240009,2027-2028-1,82.8
202210205,线性代数,T20240002,2027-2028-2,78.4
202210205,大学英语,T20240011,2027-2028-2,74.3
202210205,高等数学,T20240016,2027-2028-2,61.9
202210205,大学英语,T20240005,2027-2028-1,86.8
202210205,大学英语,T20240006,2026-2027-2,86.1
202210205,计算机网络,T20240009,2027-2028-1,71.0
202210206,高等数学,T20240001,2026-2027-2,48.8
202210206,数据库系统,T20240012,2026-2027-2,67.1
202210206,编译原理,T20240016,2026-2027-2,83.3
202210206,大学英语,T20240011,2027-2028-2,95.2
202210206,操作系统,T20240015,2027-2028-1,67.6
202210206,大学英语,T20240004,2027-2028-2,71.2
202210207,编译原理,T20240010,2027-2028-1,70.4
202210207,线性代数,T20240003,2027-2028-2,75.0
202210207,数据结构,T20240007,2026-2027-1,78.7
202210207,大学英语,T20240005,2027-2028-1,94.7
202210207,软件工程,T20240006,2027-2028-2,77.2
202210207,操作系统,T20240002,2026-2027-1,68.5
202210208,人工智能,T20240012,2026-2027-1,65.1
202210208,大学英语,T20240011,2027-2028-2,85.8
202210208,编译原理,T20240016,2026-2027-1,74.1
202210208,高等数学,T20240011,2026-2027-1,70.2
202210208,软件工程,T20240012,2027-2028-2,61.2
202210208,数据结构,T20240010,2027-2028-2,80.8
202210208,大学英语,T20240012,2026-2027-1,72.3
202210209,大学英语,T20240006,2026-2027-1,88.7
202210209,人工智能,T20240015,2027-2028-1,66.5
202210209,人工智能,T20240009,2027-2028-1,84.2
202210209,操作系统,T20240002,2026-2027-1,88.1
202210209,数据库系统,T20240010,2026-2027-2,73.6
202210210,离散数学,T20240006,2027-2028-2,75.3
202210210,计算机网络,T20240001,2026-2027-2,74.3
202210210,软件工程,T20240012,2027-2028-2,99.5
202210210,线性代数,T20240003,2027-2028-1,80.3
202210210,算法设计,T20240005,2027-2028-2,71.3
202210210,算法设计,T20240004,2026-2027-1,84.7
202210210,离散数学,T20240009,2026-2027-1,83.9
202210210,高等数学,T20240007,2027-2028-1,70.2
202210210,编译原理,T20240016,2026-2027-2,74.7
202210301,操作系统,T20240015,2026-2027-2,71.0
202210301,算法设计,T20240014,2026-2027-1,88.9
202210301,编译原理,T20240014,2027-2028-1,70.1
202210301,数据库系统,T20240003,2027-2028-2,82.4
202210301,高等数学,T20240011,2026-2027-1,64.7
202210301,人工智能,T20240015,2027-2028-1,60.8
202210301,大学英语,T20240004,2027-2028-2,88.2
202210301,高等数学,T20240016,2027-2028-2,87.6
202210301,大学英语,T20240005,2027-2028-1,65.1
202210302,大学英语,T20240004,2027-2028-2,68.6
202210302,人工智能,T20240005,2027-2028-1,68.7
202210302,大学英语,T20240011,2027-2028-2,78.7
202210302,数据结构,T20240007,2026-2027-1,90.9
202210302,大学英语,T20240008,2026-2027-1,72.5
202210302,操作系统,T20240014,2027-2028-1,96.2
202210302,数据库系统,T20240002,2027-2028-2,99.2
202210302,编译原理,T20240013,2027-2028-2,97.0
202210303,高等数学,T20240016,2027-2028-2,72.1
202210303,大学英语,T20240004,2027-2028-2,80.8
202210303,大学英语,T20240008,2027-2028-2,94.1
202210303,数据库系统,T20240010,2026-2027-2,74.0
202210303,软件工程,T20240014,2026-2027-1,71.5
202210303,线性代数,T20240007,2027-2028-1,81.8
202210303,数据结构,T20240001,2027-2028-1,73.6
202210303,数据结构,T20240009,2027-2028-1,49.0
202210303,算法设计,T20240003,2027-2028-2,70.2
202210304,大学英语,T20240006,2026-2027-1,77.4
202210304,人工智能,T20240009,2027-2028-1,76.2
202210304,高等数学,T20240013,2027-2028-1,72.9
202210304,算法设计,T20240014,2026-2027-1,71.0
202210304,数据库系统,T20240010,2026-2027-2,93.8
202210305,编译原理,T20240013,2027-2028-2,75.3
202210305,计算机网络,T20240001,2026-2027-2,72.1
202210305,人工智能,T20240005,2027-2028-1,82.2
202210305,算法设计,T20240014,2026-2027-1,86.1
202210305,计算机网络,T20240006,2026-2027-1,75.1
202210305,数据库系统,T20240002,2027-2028-2,84.8
202210305,数据结构,T20240007,2026-2027-1,39.9
202210305,编译原理,T20240016,2026-2027-1,76.4
202210306,编译原理,T20240016,2027-2028-1,70.6
202210306,算法设计,T20240005,2027-2028-2,95.3
202210306,人工智能,T20240005,2027-2028-1,88.5
202210306,大学英语,T20240002,2026-2027-1,96.1
202210306,人工智能,T20240009,2027-2028-1,63.4
202210306,计算机网络,T20240009,2027-2028-1,74.0
202210306,操作系统,T20240002,2026-2027-1,82.0
202210306,数据库系统,T20240014,2026-2027-1,87.3
202210306,软件工程,T20240016,2026-2027-1,68.6
202210307,编译原理,T20240013,2026-2027-1,72.7
202210307,高等数学,T20240007,2027-2028-1,81.5
202210307,数据结构,T20240014,2026-2027-2,70.3
202210307,高等数学,T20240016,2026-2027-1,86.3
202210307,线性代数,T20240005,2027-2028-2,76.8
202210307,高等数学,T20240007,2027-2028-1,77.8
202210307,数据库系统,T20240012,2027-2028-2,71.5
202210307,线性代数,T20240005,2027-2028-2,83.5
202210308,大学英语,T20240003,2026-2027-2,73.4
202210308,高等数学,T20240001,2026-2027-2,87.8
202210308,线性代数,T20240002,2027-2028-2,71.6
202210308,软件工程,T20240015,2027-2028-2,86.6
202210308,算法设计,T20240014,2026-2027-2,62.7
202210308,线性代数,T20240010,2027-2028-1,66.0
202210308,大学英语,T20240004,2027-2028-2,88.9
202210308,高等数学,T20240016,2026-2027-1,76.1
202210308,线性代数,T20240007,2027-2028-1,76.6
202210309,数据库系统,T20240002,2027-2028-2,68.5
202210309,计算机网络,T20240006,2026-2027-1,77.2
202210309,编译原理,T20240010,2027-2028-1,65.5
202210309,高等数学,T20240016,2026-2027-1,88.9
202210309,高等数学,T20240009,2026-2027-1,74.7
202210309,线性代数,T20240003,2027-2028-2,95.3
202210309,大学英语,T20240008,2026-2027-1,88.0
202210309,编译原理,T20240013,2027-2028-2,88.5
202210309,线性代数,T20240002,2027-2028-2,85.3
202210310,大学英语,T20240006,2026-2027-1,74.3
202210310,操作系统,T20240015,2027-2028-1,63.9
202210310,数据结构,T20240002,2026-2027-2,80.3
202210310,数据结构,T20240001,2027-2028-1,91.0
202210310,数据库系统,T20240003,2027-2028-2,81.1
202210310,软件工程,T20240011,2026-2027-1,75.7
202210310,线性代数,T20240003,2027-2028-1,48.2
202210401,数据结构,T20240001,2027-2028-1,74.1
202210401,编译原理,T20240011,2026-2027-2,75.8
202210401,离散数学,T20240011,2027-2028-1,61.7
202210401,人工智能,T20240004,2026-2027-1,77.7
202210401,编译原理,T20240016,2027-2028-1,81.6
202210401,数据结构,T20240010,2027-2028-2,92.4
202210401,数据库系统,T20240007,2026-2027-1,78.6
202210401,计算机网络,T20240006,2026-2027-1,68.3
202210402,大学英语,T20240011,2027-2028-2,74.0
202210402,人工智能,T20240009,2027-2028-1,80.9
202210402,高等数学,T20240013,2027-2028-1,91.8
202210402,高等数学,T20240016,2027-2028-2,72.3
202210402,数据库系统,T20240003,2026-2027-2,72.2
202210402,大学英语,T20240011,2027-2028-1,88.6
202210402,操作系统,T20240014,2027-2028-1,91.4
202210402,数据结构,T20240010,2027-2028-2,72.8
202210402,高等数学,T20240007,2027-2028-1,73.9
202210403,大学英语,T20240008,2026-2027-1,75.7
202210403,线性代数,T20240003,2027-2028-2,75.6
202210403,大学英语,T20240006,2026-2027-2,87.7
202210403,人工智能,T20240009,2027-2028-1,62.8
202210403,人工智能,T20240015,2027-2028-1,75.4
202210404,大学英语,T20240012,2026-2027-1,84.1
202210404,计算机网络,T20240001,2026-2027-2,77.7
202210404,线性代数,T20240005,2027-2028-2,86.4
202210404,大学英语,T20240011,2027-2028-2,75.3
202210404,编译原理,T20240010,2027-2028-1,87.3
202210404,线性代数,T20240010,2027-2028-1,82.4
202210405,操作系统,T20240002,2026-2027-1,76.3
202210405,算法设计,T20240005,2027-2028-2,78.6
202210405,人工智能,T20240004,2026-2027-1,83.0
202210405,离散数学,T20240012,2027-2028-1,75.5
202210405,算法设计,T20240004,2026-2027-1,76.1
202210406,数据库系统,T20240012,2026-2027-2,80.1
202210406,人工智能,T20240009,2027-2028-1,86.6
202210406,大学英语,T20240011,2027-2028-1,77.0
202210406,高等数学,T20240007,2027-2028-1,94.1
202210406,软件工程,T20240014,2026-2027-1,90.2
202210406,编译原理,T20240011,2026-2027-2,74.9
202210406,算法设计,T20240014,2026-2027-1,70.5
202210407,数据库系统,T20240012,2026-2027-2,80.5
202210407,编译原理,T20240006,2026-2027-1,80.4
202210407,软件工程,T20240015,2026-2027-2,87.8
202210407,高等数学,T20240016,2026-2027-1,74.1
202210407,计算机网络,T20240009,2027-2028-1,74.8
202210407,线性代数,T20240005,2027-2028-2,70.5
202210407,人工智能,T20240004,2026-2027-1,87.9
202210408,离散数学,T20240005,2027-2028-2,66.5
202210408,大学英语,T20240008,2026-2027-1,94.4
202210408,数据结构,T20240010,2027-2028-2,66.6
202210408,数据结构,T20240002,2026-2027-2,77.8
202210408,人工智能,T20240015,2027-2028-1,73.3
202210408,高等数学,T20240011,2026-2027-1,77.1
202210409,算法设计,T20240003,2027-2028-2,64.8
202210409,计算机网络,T20240001,2026-2027-2,76.4
202210409,离散数学,T20240011,2027-2028-1,99.7
202210409,大学英语,T20240015,2026-2027-2,74.3
202210409,高等数学,T20240014,2027-2028-1,71.3
202210409,大学英语,T20240008,2027-2028-2,97.8
202210410,高等数学,T20240013,2027-2028-1,75.6
202210410,数据库系统,T20240012,2026-2027-2,81.4
202210410,编译原理,T20240016,2026-2027-2,62.7
202210410,高等数学,T20240014,2027-2028-1,61.7
202210410,数据库系统,T20240012,2027-2028-2,83.2
202320101,线性代数,T20240016,2027-2028-2,82.0
202320101,大学英语,T20240006,2026-2027-2,80.8
202320101,算法设计,T20240011,2027-2028-1,71.0
202320101,人工智能,T20240005,2027-2028-1,76.2
202320101,高等数学,T20240016,2027-2028-2,73.1
202320102,高等数学,T20240016,2027-2028-2,82.3
202320102,大学英语,T20240015,2026-2027-2,73.3
202320102,编译原理,T20240016,2026-2027-2,81.6
202320102,大学英语,T20240004,2027-2028-2,80.6
202320102,线性代数,T20240005,2027-2028-2,71.2
202320102,大学英语,T20240011,2027-2028-1,53.2
202320103,算法设计,T20240003,2027-2028-2,61.4
202320103,编译原理,T20240010,2027-2028-1,78.0
202320103,离散数学,T20240007,2026-2027-1,66.4
202320103,线性代数,T20240003,2027-2028-2,81.1
202320103,高等数学,T20240016,2027-2028-2,53.8
202320103,高等数学,T20240007,2026-2027-2,93.2
202320103,大学英语,T20240002,2026-2027-1,88.7
202320103,大学英语,T20240008,2027-2028-2,77.5
202320103,大学英语,T20240011,2027-2028-2,62.6
202320104,高等数学,T20240016,2027-2028-2,60.8
202320104,离散数学,T20240012,2027-2028-1,74.7
202320104,数据结构,T20240008,2027-2028-1,73.0
202320104,线性代数,T20240007,2027-2028-1,72.0
202320104,线性代数,T20240016,2027-2028-2,86.1
202320104,操作系统,T20240015,2027-2028-1,78.4
202320104,离散数学,T20240006,2027-2028-2,73.9
202320104,编译原理,T20240013,2027-2028-2,73.1
202320105,离散数学,T20240012,2027-2028-1,74.8
202320105,线性代数,T20240007,2027-2028-1,75.7
202320105,线性代数,T20240005,2027-2028-2,67.1
202320105,编译原理,T20240010,2027-2028-1,78.4
202320105,大学英语,T20240008,2027-2028-2,96.0
202320105,大学英语,T20240012,2026-2027-1,77.8
202320105,离散数学,T20240007,2026-2027-1,71.1
202320106,操作系统,T20240015,2026-2027-2,81.9
202320106,编译原理,T20240006,2026-2027-1,30.3
202320106,算法设计,T20240005,2027-2028-2,99.7
202320106,大学英语,T20240011,2027-2028-2,71.6
202320106,线性代数,T20240003,2027-2028-2,68.5
202320106,高等数学,T20240001,2026-2027-2,81.8
202320106,算法设计,T20240014,2026-2027-2,71.6
202320107,操作系统,T20240013,2026-2027-1,67.9
202320107,大学英语,T20240011,2027-2028-2,76.6
202320107,数据库系统,T20240012,2026-2027-2,76.3
202320107,编译原理,T20240010,2027-2028-1,77.0
202320107,离散数学,T20240012,2027-2028-1,36.9
202320107,高等数学,T20240016,2027-2028-2,66.7
202320107,软件工程,T20240015,2027-2028-2,74.9
202320107,软件工程,T20240006,2027-2028-2,66.7
202320108,编译原理,T20240016,2026-2027-1,82.8
202320108,大学英语,T20240005,2027-2028-1,77.6
202320108,软件工程,T20240011,2026-2027-1,92.7
202320108,线性代数,T20240003,2027-2028-2,55.7
202320108,高等数学,T20240016,2027-2028-2,80.8
202320108,操作系统,T20240005,2026-2027-1,98.3
202320109,计算机网络,T20240006,2026-2027-1,73.8
202320109,计算机网络,T20240005,2026-2027-1,86.2
202320109,数据结构,T20240010,2027-2028-2,80.5
202320109,数据库系统,T20240007,2026-2027-1,62.2
202320109,软件工程,T20240015,2026-2027-2,85.2
202320109,大学英语,T20240012,2026-2027-1,82.0
202320109,数据库系统,T20240002,2027-2028-2,72.4
202320109,数据库系统,T20240012,2026-2027-2,78.2
202320110,高等数学,T20240007,2026-2027-2,71.2
202320110,操作系统,T20240005,2026-2027-1,63.6
202320110,大学英语,T20240004,2026-2027-2,88.7
202320110,大学英语,T20240005,2027-2028-1,73.6
202320110,数据库系统,T20240010,2026-2027-2,70.1
202320110,人工智能,T20240009,2027-2028-1,70.6
202320110,人工智能,T20240012,2026-2027-2,68.8
202320110,数据库系统,T20240012,2027-2028-2,93.1
202320110,人工智能,T20240015,2027-2028-1,80.2
202320201,编译原理,T20240013,2026-2027-1,71.8
202320201,数据库系统,T20240003,2026-2027-2,61.4
202320201,高等数学,T20240011,2026-2027-1,82.0
202320201,数据结构,T20240002,2026-2027-2,80.3
202320201,高等数学,T20240007,2027-2028-1,95.3
202320202,大学英语,T20240004,2026-2027-2,68.1
202320202,高等数学,T20240007,2027-2028-1,82.1
202320202,大学英语,T20240008,2026-2027-1,90.1
202320202,大学英语,T20240012,2026-2027-1,95.1
202320202,编译原理,T20240013,2026-2027-1,60.4
202320202,编译原理,T20240016,2027-2028-1,85.7
202320202,计算机网络,T20240001,2026-2027-2,90.1
202320202,计算机网络,T20240009,2027-2028-1,81.8
202320202,高等数学,T20240016,2027-2028-1,70.8
202320203,数据结构,T20240009,2027-2028-1,100.0
202320203,编译原理,T20240016,2027-2028-1,70.4
202320203,计算机网络,T20240006,2026-2027-1,77.0
202320203,离散数学,T20240007,2026-2027-1,77.8
202320203,软件工程,T20240011,2026-2027-1,70.2
202320203,高等数学,T20240011,2026-2027-1,84.5
202320203,算法设计,T20240005,2027-2028-2,75.3
202320203,软件工程,T20240012,2027-2028-2,71.8
202320204,数据结构,T20240010,2027-2028-2,71.1
202320204,数据库系统,T20240012,2027-2028-2,71.1
202320204,编译原理,T20240016,2026-2027-2,67.7
202320204,离散数学,T20240012,2027-2028-1,71.0
202320204,线性代数,T20240003,2027-2028-1,84.4
202320204,高等数学,T20240010,2026-2027-1,94.0
202320204,高等数学,T20240013,2027-2028-1,62.8
202320204,大学英语,T20240011,2027-2028-1,72.8
202320204,编译原理,T20240016,2027-2028-1,78.7
202320205,大学英语,T20240003,2026-2027-2,88.1
202320205,编译原理,T20240016,2027-2028-1,84.2
202320205,软件工程,T20240015,2027-2028-2,86.5
202320205,数据结构,T20240009,2027-2028-1,81.1
202320205,计算机网络,T20240001,2026-2027-2,68.0
202320205,数据库系统,T20240010,2026-2027-2,50.5
202320206,编译原理,T20240006,2026-2027-1,78.9
202320206,线性代数,T20240003,2027-2028-2,67.1
202320206,大学英语,T20240006,2026-2027-1,84.7
202320206,高等数学,T20240009,2026-2027-1,68.4
202320206,软件工程,T20240015,2027-2028-2,72.8
202320206,大学英语,T20240015,2026-2027-2,70.2
202320206,数据库系统,T20240010,2026-2027-2,83.6
202320206,高等数学,T20240016,2027-2028-2,78.5
202320207,大学英语,T20240011,2027-2028-1,90.6
202320207,算法设计,T20240004,2026-2027-1,33.5
202320207,大学英语,T20240008,2027-2028-2,47.1
202320207,计算机网络,T20240005,2026-2027-1,70.1
202320207,大学英语,T20240006,2026-2027-2,81.1
202320208,算法设计,T20240003,2027-2028-2,78.0
202320208,数据结构,T20240002,2026-2027-2,78.5
202320208,操作系统,T20240002,2026-2027-2,43.6
202320208,大学英语,T20240006,2026-2027-1,67.2
202320208,编译原理,T20240013,2027-2028-2,63.6
202320208,软件工程,T20240001,2027-2028-1,95.1
202320208,计算机网络,T20240006,2026-2027-1,98.6
202320208,软件工程,T20240011,2026-2027-1,71.0
202320208,软件工程,T20240015,2026-2027-2,95.3
202320209,高等数学,T20240016,2027-2028-1,83.6
202320209,高等数学,T20240010,2026-2027-1,75.2
202320209,大学英语,T20240005,2027-2028-1,73.0
202320209,软件工程,T20240012,2027-2028-2,81.1
202320209,数据库系统,T20240003,2026-2027-2,83.6
202320209,高等数学,T20240016,2027-2028-2,82.9
202320209,高等数学,T20240013,2027-2028-1,98.7
202320210,操作系统,T20240015,2026-2027-2,70.6
202320210,算法设计,T20240003,2027-2028-2,77.9
202320210,数据结构,T20240014,2026-2027-2,78.6
202320210,计算机网络,T20240009,2027-2028-1,86.9
202320210,数据库系统,T20240012,2026-2027-2,62.0
202320210,编译原理,T20240016,2026-2027-2,70.7
202320210,高等数学,T20240016,2027-2028-2,83.3
202320301,编译原理,T20240010,2027-2028-1,83.5
202320301,数据结构,T20240008,2027-2028-1,99.2
202320301,高等数学,T20240009,2026-2027-1,61.3
202320301,线性代数,T20240007,2027-2028-1,81.4
202320301,数据库系统,T20240003,2026-2027-2,81.4
202320301,编译原理,T20240013,2026-2027-1,86.5
202320301,数据结构,T20240002,2026-2027-2,95.3
202320301,编译原理,T20240011,2026-2027-2,85.9
202320301,线性代数,T20240005,2027-2028-2,67.3
202320302,操作系统,T20240013,2026-2027-1,68.9
202320302,离散数学,T20240005,2027-2028-2,75.7
202320302,算法设计,T20240014,2026-2027-1,63.4
202320302,数据库系统,T20240003,2026-2027-2,81.0
202320302,大学英语,T20240012,2026-2027-1,71.7
202320302,编译原理,T20240014,2027-2028-2,66.3
202320303,人工智能,T20240005,2027-2028-1,80.1
202320303,大学英语,T20240008,2026-2027-1,81.5
202320303,软件工程,T20240006,2027-2028-2,64.7
202320303,算法设计,T20240014,2026-2027-2,86.1
202320303,线性代数,T20240003,2027-2028-1,86.8
202320303,线性代数,T20240002,2027-2028-2,77.5
202320303,操作系统,T20240014,2027-2028-1,97.1
202320303,软件工程,T20240015,2027-2028-2,78.1
202320303,软件工程,T20240012,2027-2028-2,74.4
202320304,数据结构,T20240014,2026-2027-2,72.0
202320304,编译原理,T20240013,2027-2028-2,86.5
202320304,高等数学,T20240007,2027-2028-1,73.1
202320304,高等数学,T20240016,2027-2028-1,83.5
202320304,软件工程,T20240012,2027-2028-2,60.1
202320304,高等数学,T20240007,2026-2027-2,73.0
202320304,大学英语,T20240006,2026-2027-1,82.0
202320305,数据库系统,T20240002,2027-2028-2,74.4
202320305,操作系统,T20240014,2027-2028-1,85.6
202320305,高等数学,T20240002,2026-2027-2,63.6
202320305,操作系统,T20240002,2026-2027-1,83.6
202320305,高等数学,T20240016,2027-2028-2,77.3
202320305,软件工程,T20240015,2026-2027-2,92.4
202320306,操作系统,T20240015,2027-2028-1,63.5
202320306,离散数学,T20240006,2027-2028-2,70.0
202320306,计算机网络,T20240001,2026-2027-2,84.5
202320306,线性代数,T20240007,2027-2028-1,63.2
202320306,算法设计,T20240005,2027-2028-2,72.7
202320306,高等数学,T20240013,2027-2028-1,95.6
202320307,软件工程,T20240012,2027-2028-2,60.3
202320307,软件工程,T20240016,2026-2027-1,78.0
202320307,算法设计,T20240005,2027-2028-2,73.0
202320307,算法设计,T20240011,2027-2028-1,79.0
202320307,数据库系统,T20240012,2026-2027-2,70.8
202320307,高等数学,T20240016,2027-2028-2,97.8
202320308,算法设计,T20240004,2026-2027-1,61.5
202320308,数据结构,T20240009,2027-2028-1,94.9
202320308,高等数学,T20240009,2026-2027-1,65.7
202320308,人工智能,T20240005,2027-2028-1,68.6
202320308,数据库系统,T20240003,2026-2027-2,85.6
202320308,操作系统,T20240015,2027-2028-1,81.7
202320308,软件工程,T20240011,2026-2027-1,71.3
202320308,人工智能,T20240009,2027-2028-1,76.6
202320308,数据库系统,T20240002,2027-2028-2,62.5
202320309,数据库系统,T20240003,2027-2028-2,63.5
202320309,数据结构,T20240010,2027-2028-2,85.7
202320309,操作系统,T20240014,2027-2028-1,86.3
202320309,操作系统,T20240005,2026-2027-1,64.0
202320309,高等数学,T20240007,2027-2028-1,82.6
202320309,高等数学,T20240014,2027-2028-1,77.5
202320309,大学英语,T20240011,2027-2028-2,89.0
202320310,高等数学,T20240016,2026-2027-1,77.8
202320310,高等数学,T20240007,2027-2028-1,99.2
202320310,高等数学,T20240001,2026-2027-2,77.2
202320310,操作系统,T20240002,2026-2027-1,80.7
202320310,软件工程,T20240016,2026-2027-1,76.3
202320310,软件工程,T20240015,2027-2028-2,78.5
202320310,编译原理,T20240014,2027-2028-2,87.9
202320401,高等数学,T20240016,2027-2028-2,88.4
202320401,线性代数,T20240003,2027-2028-2,96.6
202320401,大学英语,T20240012,2026-2027-1,66.0
202320401,编译原理,T20240016,2026-2027-2,76.9
202320401,编译原理,T20240013,2026-2027-1,85.5
202320401,操作系统,T20240015,2026-2027-2,92.9
202320401,软件工程,T20240011,2026-2027-1,88.6
202320401,算法设计,T20240014,2026-2027-1,74.5
202320402,编译原理,T20240016,2027-2028-1,77.2
202320402,线性代数,T20240003,2027-2028-1,78.0
202320402,计算机网络,T20240005,2026-2027-1,80.0
202320402,高等数学,T20240016,2027-2028-1,60.7
202320402,数据库系统,T20240003,2027-2028-2,88.6
202320402,人工智能,T20240012,2026-2027-1,80.3
202320402,编译原理,T20240011,2026-2027-2,63.9
202320402,大学英语,T20240015,2026-2027-2,85.7
202320403,大学英语,T20240003,2026-2027-2,84.7
202320403,数据库系统,T20240012,2027-2028-2,82.6
202320403,数据库系统,T20240007,2026-2027-1,80.0
202320403,软件工程,T20240012,2027-2028-2,82.1
202320403,操作系统,T20240015,2027-2028-1,73.4
202320403,大学英语,T20240005,2027-2028-1,97.7
202320403,编译原理,T20240013,2027-2028-2,97.1
202320404,操作系统,T20240014,2027-2028-1,67.0
202320404,数据库系统,T20240002,2027-2028-2,63.8
202320404,数据结构,T20240014,2026-2027-2,60.1
202320404,人工智能,T20240015,2027-2028-1,95.8
202320404,操作系统,T20240002,2026-2027-1,54.1
202320404,大学英语,T20240003,2026-2027-2,78.5
202320405,离散数学,T20240011,2027-2028-1,86.0
202320405,软件工程,T20240006,2027-2028-2,75.7
202320405,数据结构,T20240010,2027-2028-2,70.4
202320405,大学英语,T20240006,2026-2027-2,82.6
202320405,数据结构,T20240002,2026-2027-2,60.4
202320405,数据结构,T20240007,2026-2027-1,77.2
202320405,线性代数,T20240003,2027-2028-1,85.9
202320406,大学英语,T20240004,2027-2028-2,95.9
202320406,高等数学,T20240001,2026-2027-2,87.9
202320406,数据库系统,T20240014,2026-2027-1,71.6
202320406,线性代数,T20240005,2027-2028-2,72.1
202320406,数据库系统,T20240012,2027-2028-2,75.8
202320407,算法设计,T20240014,2026-2027-1,82.7
202320407,离散数学,T20240006,2027-2028-2,64.6
202320407,编译原理,T20240016,2027-2028-1,82.4
202320407,计算机网络,T20240001,2026-2027-2,70.4
202320407,大学英语,T20240012,2026-2027-1,83.3
202320407,编译原理,T20240011,2026-2027-2,68.2
202320407,操作系统,T20240013,2026-2027-1,77.0
202320407,软件工程,T20240001,2027-2028-1,71.6
202320408,编译原理,T20240011,2026-2027-2,80.3
202320408,编译原理,T20240013,2026-2027-1,80.7
202320408,数据库系统,T20240012,2026-2027-2,87.1
202320408,人工智能,T20240015,2027-2028-1,95.9
202320408,数据库系统,T20240010,2026-2027-2,83.7
202320408,计算机网络,T20240001,2026-2027-2,85.6
202320408,计算机网络,T20240009,2027-2028-1,75.8
202320409,算法设计,T20240005,2027-2028-2,80.3
202320409,人工智能,T20240015,2027-2028-1,84.1
202320409,操作系统,T20240014,2027-2028-1,86.1
202320409,线性代数,T20240010,2027-2028-1,74.7
202320409,编译原理,T20240016,2026-2027-1,75.1
202320409,高等数学,T20240014,2027-2028-1,72.8
202320410,人工智能,T20240015,2027-2028-1,99.1
202320410,数据库系统,T20240010,2026-2027-2,75.7
202320410,数据库系统,T20240012,2026-2027-2,72.0
202320410,数据结构,T20240010,2027-2028-2,35.5
202320410,操作系统,T20240002,2026-2027-2,77.7
202320410,数据结构,T20240008,2027-2028-1,82.5
202320410,线性代数,T20240005,2027-2028-2,76.8
202430101,高等数学,T20240010,2026-2027-1,61.3
202430101,数据结构,T20240014,2026-2027-2,76.3
202430101,高等数学,T20240007,2027-2028-1,80.7
202430101,数据库系统,T20240007,2026-2027-1,68.9
202430101,离散数学,T20240007,2026-2027-1,60.1
202430101,软件工程,T20240006,2027-2028-2,72.4
202430101,高等数学,T20240007,2027-2028-1,86.0
202430101,线性代数,T20240002,2027-2028-2,85.0
202430101,离散数学,T20240005,2027-2028-2,66.1
202430102,数据库系统,T20240007,2026-2027-1,74.4
202430102,线性代数,T20240010,2027-2028-1,85.2
202430102,高等数学,T20240002,2026-2027-2,52.4
202430102,高等数学,T20240007,2027-2028-1,85.3
202430102,线性代数,T20240002,2027-2028-2,78.1
202430102,数据结构,T20240010,2027-2028-2,84.4
202430102,线性代数,T20240003,2027-2028-1,70.1
202430102,软件工程,T20240006,2027-2028-2,88.7
202430103,高等数学,T20240001,2026-2027-2,66.7
202430103,大学英语,T20240012,2026-2027-1,74.4
202430103,编译原理,T20240016,2026-2027-2,76.5
202430103,高等数学,T20240016,2027-2028-2,71.7
202430103,人工智能,T20240005,2027-2028-1,81.7
202430103,计算机网络,T20240005,2026-2027-1,77.9
202430103,高等数学,T20240002,2026-2027-2,74.4
202430104,数据库系统,T20240010,2026-2027-2,95.7
202430104,离散数学,T20240012,2027-2028-1,77.5
202430104,高等数学,T20240009,2026-2027-1,71.8
202430104,大学英语,T20240008,2027-2028-2,83.1
202430104,高等数学,T20240007,2026-2027-2,80.4
202430104,软件工程,T20240012,2027-2028-2,64.2
202430104,编译原理,T20240014,2027-2028-2,53.2
202430105,数据结构,T20240007,2026-2027-1,75.2
202430105,大学英语,T20240002,2026-2027-1,61.9
202430105,高等数学,T20240011,2026-2027-1,74.8
202430105,高等数学,T20240016,2027-2028-2,80.8
202430105,操作系统,T20240015,2027-2028-1,78.2
202430105,离散数学,T20240005,2027-2028-2,81.1
202430105,软件工程,T20240015,2026-2027-2,71.9
202430106,操作系统,T20240015,2026-2027-2,74.1
202430106,编译原理,T20240011,2026-2027-2,74.3
202430106,算法设计,T20240011,2027-2028-1,66.3
202430106,算法设计,T20240014,2026-2027-2,80.7
202430106,数据结构,T20240009,2027-2028-1,35.7
202430107,高等数学,T20240016,2027-2028-2,57.3
202430107,高等数学,T20240016,2027-2028-2,68.0
202430107,人工智能,T20240009,2027-2028-1,71.0
202430107,高等数学,T20240014,2027-2028-1,84.0
202430107,编译原理,T20240014,2027-2028-1,87.8
202430107,编译原理,T20240014,2027-2028-2,92.2
202430108,算法设计,T20240011,2027-2028-1,72.8
202430108,操作系统,T20240005,2026-2027-1,67.4
202430108,计算机网络,T20240001,2026-2027-2,68.6
202430108,高等数学,T20240007,2026-2027-2,61.8
202430108,软件工程,T20240011,2026-2027-1,77.9
202430109,数据库系统,T20240007,2026-2027-1,72.5
202430109,算法设计,T20240014,2026-2027-2,72.6
202430109,数据库系统,T20240002,2027-2028-2,72.9
202430109,编译原理,T20240016,2027-2028-1,73.6
202430109,大学英语,T20240008,2027-2028-2,64.2
202430109,人工智能,T20240012,2026-2027-1,40.5
202430109,计算机网络,T20240005,2026-2027-1,30.7
202430109,线性代数,T20240010,2027-2028-1,72.7
202430109,大学英语,T20240003,2026-2027-2,83.3
202430110,编译原理,T20240016,2026-2027-1,88.1
202430110,高等数学,T20240002,2026-2027-2,79.0
202430110,大学英语,T20240011,2027-2028-1,73.2
202430110,人工智能,T20240012,2026-2027-2,65.5
202430110,软件工程,T20240015,2026-2027-2,94.7
202430201,算法设计,T20240003,2027-2028-2,63.6
202430201,人工智能,T20240012,2026-2027-2,72.7
202430201,大学英语,T20240006,2026-2027-2,93.5
202430201,软件工程,T20240001,2027-2028-1,48.3
202430201,线性代数,T20240007,2027-2028-1,80.2
202430202,高等数学,T20240007,2027-2028-1,68.7
202430202,数据结构,T20240010,2027-2028-2,71.6
202430202,离散数学,T20240011,2027-2028-1,87.6
202430202,软件工程,T20240015,2026-2027-2,74.7
202430202,编译原理,T20240011,2026-2027-2,88.4
202430203,大学英语,T20240015,2026-2027-2,64.7
202430203,高等数学,T20240016,2027-2028-1,72.0
202430203,人工智能,T20240012,2026-2027-2,72.4
202430203,计算机网络,T20240006,2026-2027-1,99.9
202430203,线性代数,T20240005,2027-2028-2,65.3
202430203,线性代数,T20240010,2027-2028-1,76.2
202430204,线性代数,T20240010,2027-2028-1,87.9
202430204,高等数学,T20240013,2027-2028-1,87.5
202430204,软件工程,T20240001,2027-2028-1,72.6
202430204,高等数学,T20240007,2027-2028-1,86.0
202430204,编译原理,T20240014,2027-2028-1,99.6
202430205,离散数学,T20240006,2027-2028-2,78.5
202430205,数据结构,T20240014,2026-2027-2,74.2
202430205,大学英语,T20240006,2026-2027-2,71.7
202430205,线性代数,T20240005,2027-2028-2,75.7
202430205,大学英语,T20240008,2027-2028-2,74.0
202430205,编译原理,T20240016,2026-2027-2,92.5
202430205,数据库系统,T20240012,2027-2028-2,87.7
202430205,操作系统,T20240002,2026-2027-1,70.1
202430205,高等数学,T20240016,2027-2028-2,76.9
202430206,编译原理,T20240011,2026-2027-2,65.0
202430206,数据结构,T20240014,2026-2027-2,77.7
202430206,人工智能,T20240009,2027-2028-1,71.0
202430206,离散数学,T20240005,2027-2028-2,85.2
202430206,大学英语,T20240011,2027-2028-1,78.4
202430207,计算机网络,T20240006,2026-2027-1,97.4
202430207,大学英语,T20240002,2026-2027-1,84.5
202430207,编译原理,T20240011,2026-2027-2,74.8
202430207,大学英语,T20240008,2026-2027-1,42.9
202430207,数据结构,T20240001,2027-2028-1,83.8
202430207,大学英语,T20240005,2027-2028-1,62.9
202430208,人工智能,T20240012,2026-2027-1,80.4
202430208,线性代数,T20240003,2027-2028-2,70.9
202430208,计算机网络,T20240001,2026-2027-2,80.8
202430208,大学英语,T20240008,2027-2028-2,71.2
202430208,大学英语,T20240004,2027-2028-2,88.9
202430208,操作系统,T20240005,2026-2027-1,34.4
202430208,线性代数,T20240016,2027-2028-2,99.9
202430208,高等数学,T20240014,2027-2028-1,83.6
202430209,软件工程,T20240016,2026-2027-1,60.8
202430209,大学英语,T20240015,2026-2027-2,66.7
202430209,高等数学,T20240009,2026-2027-1,75.2
202430209,数据库系统,T20240003,2026-2027-2,82.0
202430209,大学英语,T20240006,2026-2027-2,85.4
202430209,编译原理,T20240010,2027-2028-1,99.4
202430209,高等数学,T20240002,2026-2027-2,75.4
202430210,高等数学,T20240016,2027-2028-2,93.9
202430210,高等数学,T20240007,2027-2028-1,84.3
202430210,计算机网络,T20240006,2026-2027-1,88.1
202430210,数据结构,T20240009,2027-2028-1,65.4
202430210,操作系统,T20240015,2027-2028-1,62.2
202430210,软件工程,T20240015,2026-2027-2,75.2
202430301,操作系统,T20240014,2027-2028-1,71.7
202430301,数据库系统,T20240012,2027-2028-2,81.1
202430301,大学英语,T20240005,2027-2028-1,88.9
202430301,计算机网络,T20240009,2027-2028-1,78.6
202430301,数据库系统,T20240012,2026-2027-2,81.6
202430302,算法设计,T20240005,2027-2028-2,76.0
202430302,高等数学,T20240007,2027-2028-1,81.7
202430302,大学英语,T20240003,2026-2027-2,86.0
202430302,高等数学,T20240014,2027-2028-1,88.6
202430302,大学英语,T20240006,2026-2027-1,87.5
202430302,大学英语,T20240005,2027-2028-1,98.2
202430302,高等数学,T20240007,2026-2027-2,83.6
202430302,编译原理,T20240016,2027-2028-1,70.8
202430302,操作系统,T20240013,2026-2027-1,67.4
202430303,数据库系统,T20240003,2027-2028-2,80.1
202430303,编译原理,T20240016,2027-2028-1,75.8
202430303,大学英语,T20240002,2026-2027-1,73.4
202430303,线性代数,T20240002,2027-2028-2,83.7
202430303,离散数学,T20240009,2026-2027-1,70.2
202430303,算法设计,T20240003,2027-2028-2,76.8
202430304,大学英语,T20240008,2026-2027-1,86.8
202430304,软件工程,T20240016,2026-2027-1,87.2
202430304,离散数学,T20240012,2027-2028-1,68.5
202430304,高等数学,T20240001,2026-2027-2,73.4
202430304,数据库系统,T20240012,2027-2028-2,76.5
202430304,编译原理,T20240016,2026-2027-1,72.9
202430304,大学英语,T20240005,2027-2028-1,76.8
202430305,数据结构,T20240014,2026-2027-2,98.2
202430305,计算机网络,T20240001,2026-2027-2,88.5
202430305,软件工程,T20240012,2027-2028-2,74.2
202430305,算法设计,T20240003,2027-2028-2,75.9
202430305,编译原理,T20240016,2026-2027-1,83.8
202430305,编译原理,T20240014,2027-2028-2,78.5
202430306,软件工程,T20240016,2026-2027-1,75.1
202430306,大学英语,T20240004,2026-2027-2,78.9
202430306,数据库系统,T20240007,2026-2027-1,98.4
202430306,离散数学,T20240012,2027-2028-1,86.7
202430306,人工智能,T20240015,2027-2028-1,75.1
202430306,大学英语,T20240011,2027-2028-2,67.4
202430306,高等数学,T20240014,2027-2028-1,83.4
202430306,线性代数,T20240007,2027-2028-1,82.7
202430306,算法设计,T20240014,2026-2027-1,75.6
202430307,线性代数,T20240005,2027-2028-2,87.6
202430307,高等数学,T20240007,2027-2028-1,60.3
202430307,离散数学,T20240005,2027-2028-2,61.4
202430307,操作系统,T20240005,2026-2027-1,75.4
202430307,大学英语,T20240004,2027-2028-2,68.7
202430308,数据库系统,T20240003,2027-2028-2,40.1
202430308,算法设计,T20240004,2026-2027-1,94.2
202430308,操作系统,T20240005,2026-2027-1,78.4
202430308,数据结构,T20240009,2027-2028-1,73.8
202430308,线性代数,T20240005,2027-2028-2,81.0
202430308,高等数学,T20240016,2026-2027-1,70.4
202430308,线性代数,T20240016,2027-2028-2,74.8
202430309,高等数学,T20240009,2026-2027-1,47.3
202430309,高等数学,T20240016,2027-2028-2,76.2
202430309,高等数学,T20240016,2027-2028-2,73.6
202430309,数据结构,T20240001,2027-2028-1,33.9
202430309,大学英语,T20240004,2026-2027-2,81.6
202430309,计算机网络,T20240006,2026-2027-1,71.0
202430309,软件工程,T20240012,2027-2028-2,75.8
202430309,线性代数,T20240005,2027-2028-2,78.0
202430310,高等数学,T20240016,2026-2027-1,75.6
202430310,计算机网络,T20240006,2026-2027-1,67.9
202430310,数据库系统,T20240012,2027-2028-2,71.1
202430310,编译原理,T20240006,2026-2027-1,85.8
202430310,算法设计,T20240011,2027-2028-1,65.7
202430310,高等数学,T20240002,2026-2027-2,51.8
202430310,高等数学,T20240013,2027-2028-1,98.9
202430310,大学英语,T20240004,2027-2028-2,77.3
202430401,离散数学,T20240012,2027-2028-1,73.6
202430401,操作系统,T20240013,2026-2027-1,75.4
202430401,算法设计,T20240014,2026-2027-2,73.5
202430401,大学英语,T20240004,2027-2028-2,60.9
202430401,高等数学,T20240016,2027-2028-2,73.9
202430401,高等数学,T20240007,2027-2028-1,88.2
202430401,大学英语,T20240015,2026-2027-2,81.0
202430402,编译原理,T20240011,2026-2027-2,80.3
202430402,离散数学,T20240009,2026-2027-1,81.6
202430402,操作系统,T20240013,2026-2027-1,74.4
202430402,大学英语,T20240004,2026-2027-2,77.4
202430402,数据库系统,T20240002,2027-2028-2,78.3
202430402,高等数学,T20240007,2027-2028-1,74.6
202430403,线性代数,T20240007,2027-2028-1,99.7
202430403,编译原理,T20240016,2026-2027-1,85.5
202430403,大学英语,T20240011,2027-2028-2,70.5
202430403,大学英语,T20240008,2026-2027-1,82.4
202430403,人工智能,T20240015,2027-2028-1,67.9
202430403,线性代数,T20240016,2027-2028-2,71.1
202430403,数据库系统,T20240014,2026-2027-1,87.0
202430403,编译原理,T20240016,2027-2028-1,87.5
202430404,计算机网络,T20240009,2027-2028-1,88.3
202430404,线性代数,T20240003,2027-2028-1,74.8
202430404,高等数学,T20240001,2026-2027-2,97.8
202430404,软件工程,T20240011,2026-2027-1,81.8
202430404,大学英语,T20240011,2027-2028-2,77.3
202430404,大学英语,T20240008,2026-2027-1,99.8
202430404,高等数学,T20240014,2027-2028-1,60.7
202430404,离散数学,T20240007,2026-2027-1,31.4
202430404,算法设计,T20240005,2027-2028-2,88.1
202430405,软件工程,T20240001,2027-2028-1,65.7
202430405,线性代数,T20240016,2027-2028-2,66.4
202430405,高等数学,T20240001,2026-2027-2,73.0
202430405,编译原理,T20240011,2026-2027-2,64.4
202430405,大学英语,T20240003,2026-2027-2,70.4
202430406,高等数学,T20240009,2026-2027-1,81.2
202430406,大学英语,T20240006,2026-2027-2,71.8
202430406,高等数学,T20240007,2027-2028-1,70.9
202430406,计算机网络,T20240001,2026-2027-2,88.9
202430406,数据结构,T20240010,2027-2028-2,88.1
202430406,高等数学,T20240013,2027-2028-1,70.4
202430406,大学英语,T20240011,2027-2028-2,88.3
202430407,人工智能,T20240009,2027-2028-1,61.8
202430407,线性代数,T20240007,2027-2028-1,74.8
202430407,算法设计,T20240005,2027-2028-2,88.7
202430407,高等数学,T20240001,2026-2027-2,82.6
202430407,编译原理,T20240014,2027-2028-2,79.0
202430407,大学英语,T20240002,2026-2027-1,88.9
202430407,编译原理,T20240016,2027-2028-1,62.2
202430407,软件工程,T20240006,2027-2028-2,72.9
202430407,大学英语,T20240006,2026-2027-1,74.2
202430408,线性代数,T20240016,2027-2028-2,76.8
202430408,大学英语,T20240004,2027-2028-2,75.3
202430408,算法设计,T20240005,2027-2028-2,61.1
202430408,人工智能,T20240012,2026-2027-2,76.3
202430408,大学英语,T20240003,2026-2027-2,85.4
202430409,大学英语,T20240006,2026-2027-2,73.7
202430409,软件工程,T20240001,2027-2028-1,71.3
202430409,操作系统,T20240015,2026-2027-2,72.4
202430409,数据结构,T20240008,2027-2028-1,82.9
202430409,数据结构,T20240002,2026-2027-2,71.7
202430409,编译原理,T20240013,2026-2027-1,67.7
202430409,编译原理,T20240016,2026-2027-1,87.7
202430410,高等数学,T20240016,2027-2028-2,83.1
202430410,离散数学,T20240005,2027-2028-2,76.3
202430410,软件工程,T20240015,2027-2028-2,80.6
202430410,大学英语,T20240004,2027-2028-2,80.5
202430410,编译原理,T20240006,2026-2027-1,72.5
